--
-- PostgreSQL database dump
--

-- Dumped from database version 17.4
-- Dumped by pg_dump version 17.4

SET statement_timeout = 0;
SET lock_timeout = 0;
SET idle_in_transaction_session_timeout = 0;
SET transaction_timeout = 0;
SET client_encoding = 'UTF8';
SET standard_conforming_strings = on;
SELECT pg_catalog.set_config('search_path', '', false);
SET check_function_bodies = false;
SET xmloption = content;
SET client_min_messages = warning;
SET row_security = off;

SET default_tablespace = '';

SET default_table_access_method = heap;

--
-- Name: aircraft_production_app_aircraft; Type: TABLE; Schema: public; Owner: bayraktar
--

CREATE TABLE public.aircraft_production_app_aircraft (
    id bigint NOT NULL,
    serial_number character varying(100) NOT NULL,
    assembly_date timestamp with time zone NOT NULL,
    aircraft_model_id bigint NOT NULL,
    assembled_by_team_id bigint NOT NULL,
    work_order_id bigint,
    avionics_id bigint,
    fuselage_id bigint,
    tail_id bigint,
    wing_id bigint,
    status character varying(20) NOT NULL,
    assembled_by_personnel_id integer,
    updated_at timestamp with time zone NOT NULL
);


ALTER TABLE public.aircraft_production_app_aircraft OWNER TO bayraktar;

--
-- Name: aircraft_production_app_aircraft_id_seq; Type: SEQUENCE; Schema: public; Owner: bayraktar
--

ALTER TABLE public.aircraft_production_app_aircraft ALTER COLUMN id ADD GENERATED BY DEFAULT AS IDENTITY (
    SEQUENCE NAME public.aircraft_production_app_aircraft_id_seq
    START WITH 1
    INCREMENT BY 1
    NO MINVALUE
    NO MAXVALUE
    CACHE 1
);


--
-- Name: aircraft_production_app_aircraftmodel; Type: TABLE; Schema: public; Owner: bayraktar
--

CREATE TABLE public.aircraft_production_app_aircraftmodel (
    id bigint NOT NULL,
    name character varying(50) NOT NULL
);


ALTER TABLE public.aircraft_production_app_aircraftmodel OWNER TO bayraktar;

--
-- Name: aircraft_production_app_aircraftmodel_id_seq; Type: SEQUENCE; Schema: public; Owner: bayraktar
--

ALTER TABLE public.aircraft_production_app_aircraftmodel ALTER COLUMN id ADD GENERATED BY DEFAULT AS IDENTITY (
    SEQUENCE NAME public.aircraft_production_app_aircraftmodel_id_seq
    START WITH 1
    INCREMENT BY 1
    NO MINVALUE
    NO MAXVALUE
    CACHE 1
);


--
-- Name: aircraft_production_app_part; Type: TABLE; Schema: public; Owner: bayraktar
--

CREATE TABLE public.aircraft_production_app_part (
    id bigint NOT NULL,
    serial_number character varying(100) NOT NULL,
    production_date timestamp with time zone NOT NULL,
    status character varying(20) NOT NULL,
    aircraft_model_compatibility_id bigint NOT NULL,
    part_type_id bigint NOT NULL,
    produced_by_team_id bigint NOT NULL,
    created_by_personnel_id integer,
    updated_at timestamp with time zone NOT NULL
);


ALTER TABLE public.aircraft_production_app_part OWNER TO bayraktar;

--
-- Name: aircraft_production_app_part_id_seq; Type: SEQUENCE; Schema: public; Owner: bayraktar
--

ALTER TABLE public.aircraft_production_app_part ALTER COLUMN id ADD GENERATED BY DEFAULT AS IDENTITY (
    SEQUENCE NAME public.aircraft_production_app_part_id_seq
    START WITH 1
    INCREMENT BY 1
    NO MINVALUE
    NO MAXVALUE
    CACHE 1
);


--
-- Name: aircraft_production_app_parttype; Type: TABLE; Schema: public; Owner: bayraktar
--

CREATE TABLE public.aircraft_production_app_parttype (
    id bigint NOT NULL,
    category character varying(50) NOT NULL
);


ALTER TABLE public.aircraft_production_app_parttype OWNER TO bayraktar;

--
-- Name: aircraft_production_app_parttype_id_seq; Type: SEQUENCE; Schema: public; Owner: bayraktar
--

ALTER TABLE public.aircraft_production_app_parttype ALTER COLUMN id ADD GENERATED BY DEFAULT AS IDENTITY (
    SEQUENCE NAME public.aircraft_production_app_parttype_id_seq
    START WITH 1
    INCREMENT BY 1
    NO MINVALUE
    NO MAXVALUE
    CACHE 1
);


--
-- Name: aircraft_production_app_personnel; Type: TABLE; Schema: public; Owner: bayraktar
--

CREATE TABLE public.aircraft_production_app_personnel (
    user_id integer NOT NULL,
    team_id bigint
);


ALTER TABLE public.aircraft_production_app_personnel OWNER TO bayraktar;

--
-- Name: aircraft_production_app_team; Type: TABLE; Schema: public; Owner: bayraktar
--

CREATE TABLE public.aircraft_production_app_team (
    id bigint NOT NULL,
    name character varying(100) NOT NULL,
    team_type character varying(50) NOT NULL
);


ALTER TABLE public.aircraft_production_app_team OWNER TO bayraktar;

--
-- Name: aircraft_production_app_team_id_seq; Type: SEQUENCE; Schema: public; Owner: bayraktar
--

ALTER TABLE public.aircraft_production_app_team ALTER COLUMN id ADD GENERATED BY DEFAULT AS IDENTITY (
    SEQUENCE NAME public.aircraft_production_app_team_id_seq
    START WITH 1
    INCREMENT BY 1
    NO MINVALUE
    NO MAXVALUE
    CACHE 1
);


--
-- Name: aircraft_production_app_workorder; Type: TABLE; Schema: public; Owner: bayraktar
--

CREATE TABLE public.aircraft_production_app_workorder (
    id bigint NOT NULL,
    quantity integer NOT NULL,
    status character varying(20) NOT NULL,
    notes text,
    created_at timestamp with time zone NOT NULL,
    updated_at timestamp with time zone NOT NULL,
    target_completion_date date,
    aircraft_model_id bigint NOT NULL,
    assigned_to_assembly_team_id bigint,
    created_by_id integer,
    CONSTRAINT aircraft_production_app_workorder_quantity_check CHECK ((quantity >= 0))
);


ALTER TABLE public.aircraft_production_app_workorder OWNER TO bayraktar;

--
-- Name: aircraft_production_app_workorder_id_seq; Type: SEQUENCE; Schema: public; Owner: bayraktar
--

ALTER TABLE public.aircraft_production_app_workorder ALTER COLUMN id ADD GENERATED BY DEFAULT AS IDENTITY (
    SEQUENCE NAME public.aircraft_production_app_workorder_id_seq
    START WITH 1
    INCREMENT BY 1
    NO MINVALUE
    NO MAXVALUE
    CACHE 1
);


--
-- Name: auth_group; Type: TABLE; Schema: public; Owner: bayraktar
--

CREATE TABLE public.auth_group (
    id integer NOT NULL,
    name character varying(150) NOT NULL
);


ALTER TABLE public.auth_group OWNER TO bayraktar;

--
-- Name: auth_group_id_seq; Type: SEQUENCE; Schema: public; Owner: bayraktar
--

ALTER TABLE public.auth_group ALTER COLUMN id ADD GENERATED BY DEFAULT AS IDENTITY (
    SEQUENCE NAME public.auth_group_id_seq
    START WITH 1
    INCREMENT BY 1
    NO MINVALUE
    NO MAXVALUE
    CACHE 1
);


--
-- Name: auth_group_permissions; Type: TABLE; Schema: public; Owner: bayraktar
--

CREATE TABLE public.auth_group_permissions (
    id bigint NOT NULL,
    group_id integer NOT NULL,
    permission_id integer NOT NULL
);


ALTER TABLE public.auth_group_permissions OWNER TO bayraktar;

--
-- Name: auth_group_permissions_id_seq; Type: SEQUENCE; Schema: public; Owner: bayraktar
--

ALTER TABLE public.auth_group_permissions ALTER COLUMN id ADD GENERATED BY DEFAULT AS IDENTITY (
    SEQUENCE NAME public.auth_group_permissions_id_seq
    START WITH 1
    INCREMENT BY 1
    NO MINVALUE
    NO MAXVALUE
    CACHE 1
);


--
-- Name: auth_permission; Type: TABLE; Schema: public; Owner: bayraktar
--

CREATE TABLE public.auth_permission (
    id integer NOT NULL,
    name character varying(255) NOT NULL,
    content_type_id integer NOT NULL,
    codename character varying(100) NOT NULL
);


ALTER TABLE public.auth_permission OWNER TO bayraktar;

--
-- Name: auth_permission_id_seq; Type: SEQUENCE; Schema: public; Owner: bayraktar
--

ALTER TABLE public.auth_permission ALTER COLUMN id ADD GENERATED BY DEFAULT AS IDENTITY (
    SEQUENCE NAME public.auth_permission_id_seq
    START WITH 1
    INCREMENT BY 1
    NO MINVALUE
    NO MAXVALUE
    CACHE 1
);


--
-- Name: auth_user; Type: TABLE; Schema: public; Owner: bayraktar
--

CREATE TABLE public.auth_user (
    id integer NOT NULL,
    password character varying(128) NOT NULL,
    last_login timestamp with time zone,
    is_superuser boolean NOT NULL,
    username character varying(150) NOT NULL,
    first_name character varying(150) NOT NULL,
    last_name character varying(150) NOT NULL,
    email character varying(254) NOT NULL,
    is_staff boolean NOT NULL,
    is_active boolean NOT NULL,
    date_joined timestamp with time zone NOT NULL
);


ALTER TABLE public.auth_user OWNER TO bayraktar;

--
-- Name: auth_user_groups; Type: TABLE; Schema: public; Owner: bayraktar
--

CREATE TABLE public.auth_user_groups (
    id bigint NOT NULL,
    user_id integer NOT NULL,
    group_id integer NOT NULL
);


ALTER TABLE public.auth_user_groups OWNER TO bayraktar;

--
-- Name: auth_user_groups_id_seq; Type: SEQUENCE; Schema: public; Owner: bayraktar
--

ALTER TABLE public.auth_user_groups ALTER COLUMN id ADD GENERATED BY DEFAULT AS IDENTITY (
    SEQUENCE NAME public.auth_user_groups_id_seq
    START WITH 1
    INCREMENT BY 1
    NO MINVALUE
    NO MAXVALUE
    CACHE 1
);


--
-- Name: auth_user_id_seq; Type: SEQUENCE; Schema: public; Owner: bayraktar
--

ALTER TABLE public.auth_user ALTER COLUMN id ADD GENERATED BY DEFAULT AS IDENTITY (
    SEQUENCE NAME public.auth_user_id_seq
    START WITH 1
    INCREMENT BY 1
    NO MINVALUE
    NO MAXVALUE
    CACHE 1
);


--
-- Name: auth_user_user_permissions; Type: TABLE; Schema: public; Owner: bayraktar
--

CREATE TABLE public.auth_user_user_permissions (
    id bigint NOT NULL,
    user_id integer NOT NULL,
    permission_id integer NOT NULL
);


ALTER TABLE public.auth_user_user_permissions OWNER TO bayraktar;

--
-- Name: auth_user_user_permissions_id_seq; Type: SEQUENCE; Schema: public; Owner: bayraktar
--

ALTER TABLE public.auth_user_user_permissions ALTER COLUMN id ADD GENERATED BY DEFAULT AS IDENTITY (
    SEQUENCE NAME public.auth_user_user_permissions_id_seq
    START WITH 1
    INCREMENT BY 1
    NO MINVALUE
    NO MAXVALUE
    CACHE 1
);


--
-- Name: authtoken_token; Type: TABLE; Schema: public; Owner: bayraktar
--

CREATE TABLE public.authtoken_token (
    key character varying(40) NOT NULL,
    created timestamp with time zone NOT NULL,
    user_id integer NOT NULL
);


ALTER TABLE public.authtoken_token OWNER TO bayraktar;

--
-- Name: django_admin_log; Type: TABLE; Schema: public; Owner: bayraktar
--

CREATE TABLE public.django_admin_log (
    id integer NOT NULL,
    action_time timestamp with time zone NOT NULL,
    object_id text,
    object_repr character varying(200) NOT NULL,
    action_flag smallint NOT NULL,
    change_message text NOT NULL,
    content_type_id integer,
    user_id integer NOT NULL,
    CONSTRAINT django_admin_log_action_flag_check CHECK ((action_flag >= 0))
);


ALTER TABLE public.django_admin_log OWNER TO bayraktar;

--
-- Name: django_admin_log_id_seq; Type: SEQUENCE; Schema: public; Owner: bayraktar
--

ALTER TABLE public.django_admin_log ALTER COLUMN id ADD GENERATED BY DEFAULT AS IDENTITY (
    SEQUENCE NAME public.django_admin_log_id_seq
    START WITH 1
    INCREMENT BY 1
    NO MINVALUE
    NO MAXVALUE
    CACHE 1
);


--
-- Name: django_content_type; Type: TABLE; Schema: public; Owner: bayraktar
--

CREATE TABLE public.django_content_type (
    id integer NOT NULL,
    app_label character varying(100) NOT NULL,
    model character varying(100) NOT NULL
);


ALTER TABLE public.django_content_type OWNER TO bayraktar;

--
-- Name: django_content_type_id_seq; Type: SEQUENCE; Schema: public; Owner: bayraktar
--

ALTER TABLE public.django_content_type ALTER COLUMN id ADD GENERATED BY DEFAULT AS IDENTITY (
    SEQUENCE NAME public.django_content_type_id_seq
    START WITH 1
    INCREMENT BY 1
    NO MINVALUE
    NO MAXVALUE
    CACHE 1
);


--
-- Name: django_migrations; Type: TABLE; Schema: public; Owner: bayraktar
--

CREATE TABLE public.django_migrations (
    id bigint NOT NULL,
    app character varying(255) NOT NULL,
    name character varying(255) NOT NULL,
    applied timestamp with time zone NOT NULL
);


ALTER TABLE public.django_migrations OWNER TO bayraktar;

--
-- Name: django_migrations_id_seq; Type: SEQUENCE; Schema: public; Owner: bayraktar
--

ALTER TABLE public.django_migrations ALTER COLUMN id ADD GENERATED BY DEFAULT AS IDENTITY (
    SEQUENCE NAME public.django_migrations_id_seq
    START WITH 1
    INCREMENT BY 1
    NO MINVALUE
    NO MAXVALUE
    CACHE 1
);


--
-- Name: django_session; Type: TABLE; Schema: public; Owner: bayraktar
--

CREATE TABLE public.django_session (
    session_key character varying(40) NOT NULL,
    session_data text NOT NULL,
    expire_date timestamp with time zone NOT NULL
);


ALTER TABLE public.django_session OWNER TO bayraktar;

--
-- Data for Name: aircraft_production_app_aircraft; Type: TABLE DATA; Schema: public; Owner: bayraktar
--

COPY public.aircraft_production_app_aircraft (id, serial_number, assembly_date, aircraft_model_id, assembled_by_team_id, work_order_id, avionics_id, fuselage_id, tail_id, wing_id, status, assembled_by_personnel_id, updated_at) FROM stdin;
1	TB3-0001	2025-05-09 21:50:43.372945+03	2	1	\N	\N	\N	\N	\N	RECYCLED	\N	2025-05-10 05:05:58.897095+03
3	TB2-00001	2025-05-10 04:40:35.866429+03	1	1	\N	55	36	48	74	AVAILABLE	\N	2025-05-10 05:05:58.897095+03
4	TB2-0002	2025-05-10 07:03:32.602777+03	1	1	\N	33	40	115	63	AVAILABLE	\N	2025-05-10 07:20:25.397843+03
5	KIZILELMA-0001	2025-05-10 07:40:50.25976+03	4	1	\N	20	39	23	24	AVAILABLE	12	2025-05-10 07:40:50.25976+03
2	AKINCI-0001	2025-05-09 21:52:37.709693+03	2	1	\N	\N	\N	\N	\N	RECYCLED	\N	2025-05-10 07:41:45.447104+03
6	KIZILELMA-0002	2025-05-10 07:44:02.739487+03	4	7	\N	30	59	25	26	AVAILABLE	13	2025-05-10 07:44:02.739487+03
7	KIZILELMA-0003	2025-05-10 07:44:04.634187+03	4	7	\N	49	60	57	38	AVAILABLE	13	2025-05-10 07:44:04.634187+03
9	TB3-0003	2025-05-10 07:50:20.527832+03	2	7	\N	\N	\N	\N	\N	RECYCLED	13	2025-05-10 07:50:20.527832+03
11	KIZILELMA-0004	2025-05-10 12:09:55.113652+03	4	7	\N	76	69	83	89	AVAILABLE	13	2025-05-10 12:09:55.113652+03
8	TB3-0002	2025-05-10 07:44:44.829732+03	2	7	\N	\N	\N	\N	\N	RECYCLED	13	2025-05-10 07:44:44.829732+03
10	TB2-0003	2025-05-10 12:09:45.956346+03	1	7	\N	\N	\N	\N	\N	RECYCLED	13	2025-05-10 12:09:45.956346+03
12	TB3-0004	2025-05-10 21:04:26.424622+03	2	1	8	16	28	22	31	AVAILABLE	12	2025-05-10 21:04:26.424622+03
13	TB3-0005	2025-05-10 21:05:35.28955+03	2	1	\N	14	53	34	46	AVAILABLE	12	2025-05-10 21:05:35.28955+03
14	TB3-0006	2025-05-10 21:17:09.149932+03	2	1	\N	19	56	42	54	AVAILABLE	12	2025-05-10 21:17:09.149932+03
15	AKINCI-0002	2025-05-10 21:44:18.257202+03	3	1	\N	125	66	99	72	AVAILABLE	\N	2025-05-10 21:44:18.257202+03
16	KIZILELMA-0005	2025-05-10 21:49:14.114773+03	4	1	4	103	77	122	94	AVAILABLE	12	2025-05-10 21:49:14.114773+03
17	KIZILELMA-0006	2025-05-10 21:52:51.444826+03	4	1	4	112	127	123	95	AVAILABLE	12	2025-05-10 22:56:02.0438+03
18	TB3-0007	2025-05-11 06:11:08.164165+03	2	1	\N	35	107	43	64	AVAILABLE	12	2025-05-11 06:11:08.164165+03
19	TB2-0004	2025-05-11 06:11:52.4168+03	1	1	\N	12	10	11	8	AVAILABLE	12	2025-05-11 06:11:52.4168+03
20	AKINCI-0003	2025-05-11 06:45:08.717059+03	3	1	\N	124	44	15	32	AVAILABLE	12	2025-05-11 06:45:08.717059+03
21	TB2-0005	2025-05-11 10:04:01.342117+03	1	1	\N	17	13	41	9	AVAILABLE	12	2025-05-11 10:04:01.342117+03
23	TB2-0006	2025-05-11 10:04:06.672097+03	1	1	\N	27	29	61	37	AVAILABLE	12	2025-05-11 10:04:06.672097+03
27	TB2-0008	2025-05-11 10:29:11.639786+03	1	1	\N	73	102	79	82	AVAILABLE	12	2025-05-11 10:29:11.639786+03
29	AKINCI-0004	2025-05-11 10:29:20.779607+03	3	1	\N	126	70	18	51	AVAILABLE	12	2025-05-11 10:29:20.779607+03
33	TB2-0009	2025-05-11 10:41:44.523748+03	1	1	\N	86	111	84	97	AVAILABLE	12	2025-05-11 10:41:44.523748+03
31	AKINCI-0005	2025-05-11 10:30:21.686066+03	3	1	\N	\N	\N	\N	\N	RECYCLED	12	2025-05-11 10:30:21.686066+03
25	TB2-0007	2025-05-11 10:29:04.610313+03	1	1	\N	\N	\N	\N	\N	RECYCLED	12	2025-05-11 10:29:04.610313+03
34	TB2-0010	2025-05-11 18:43:07.826022+03	1	1	\N	45	91	67	80	AVAILABLE	12	2025-05-11 18:43:07.826022+03
35	AKINCI-0006	2025-05-11 19:59:44.953967+03	3	1	48	131	75	21	71	AVAILABLE	12	2025-05-11 19:59:44.953967+03
\.


--
-- Data for Name: aircraft_production_app_aircraftmodel; Type: TABLE DATA; Schema: public; Owner: bayraktar
--

COPY public.aircraft_production_app_aircraftmodel (id, name) FROM stdin;
1	TB2
2	TB3
3	AKINCI
4	KIZILELMA
\.


--
-- Data for Name: aircraft_production_app_part; Type: TABLE DATA; Schema: public; Owner: bayraktar
--

COPY public.aircraft_production_app_part (id, serial_number, production_date, status, aircraft_model_compatibility_id, part_type_id, produced_by_team_id, created_by_personnel_id, updated_at) FROM stdin;
6	TB2-KNT-00001	2025-05-09 21:43:24.080037+03	RECYCLED	1	1	2	\N	2025-05-10 05:05:58.911094+03
7	TB2-KNT-00002	2025-05-09 21:43:32.525301+03	RECYCLED	1	1	2	\N	2025-05-10 05:05:58.911094+03
47	AKINCI-KYR-00004	2025-05-09 22:21:28.101107+03	AVAILABLE	3	3	5	\N	2025-05-10 05:05:58.911094+03
50	AKINCI-KYR-00005	2025-05-09 22:21:28.104106+03	AVAILABLE	3	3	5	\N	2025-05-10 05:05:58.911094+03
52	TB3-KYR-00005	2025-05-09 22:21:28.105665+03	AVAILABLE	2	3	5	\N	2025-05-10 05:05:58.911094+03
58	TB3-KYR-00006	2025-05-09 22:21:28.109692+03	AVAILABLE	2	3	5	\N	2025-05-10 05:05:58.911094+03
65	TB3-AVY-00005	2025-05-09 22:21:28.11738+03	AVAILABLE	2	4	4	\N	2025-05-10 05:05:58.911094+03
81	TB3-KYR-00007	2025-05-09 22:21:28.120839+03	AVAILABLE	2	3	5	\N	2025-05-10 05:05:58.911094+03
24	KIZILELMA-KNT-00001	2025-05-09 22:21:28.08118+03	USED	4	1	2	\N	2025-05-10 07:40:50.260759+03
39	KIZILELMA-GVD-00001	2025-05-09 22:21:28.092281+03	USED	4	2	3	\N	2025-05-10 07:40:50.26176+03
23	KIZILELMA-KYR-00001	2025-05-09 22:21:28.080179+03	USED	4	3	5	\N	2025-05-10 07:40:50.26176+03
63	TB2-KNT-00006	2025-05-09 22:21:28.115379+03	USED	1	1	2	\N	2025-05-10 07:20:25.397843+03
40	TB2-GVD-00005	2025-05-09 22:21:28.092281+03	USED	1	2	3	\N	2025-05-10 07:20:25.398844+03
33	TB2-AVY-00004	2025-05-09 22:21:28.089267+03	USED	1	4	4	\N	2025-05-10 07:20:25.399844+03
26	KIZILELMA-KNT-00002	2025-05-09 22:21:28.082962+03	USED	4	1	2	\N	2025-05-10 07:44:02.740486+03
59	KIZILELMA-GVD-00002	2025-05-09 22:21:28.109692+03	USED	4	2	3	\N	2025-05-10 07:44:02.740486+03
25	KIZILELMA-KYR-00002	2025-05-09 22:21:28.082121+03	USED	4	3	5	\N	2025-05-10 07:44:02.741487+03
30	KIZILELMA-AVY-00002	2025-05-09 22:21:28.08667+03	USED	4	4	4	\N	2025-05-10 07:44:02.741487+03
38	KIZILELMA-KNT-00003	2025-05-09 22:21:28.092281+03	USED	4	1	2	\N	2025-05-10 07:44:04.634187+03
60	KIZILELMA-GVD-00003	2025-05-09 22:21:28.109692+03	USED	4	2	3	\N	2025-05-10 07:44:04.635187+03
57	KIZILELMA-KYR-00003	2025-05-09 22:21:28.109692+03	USED	4	3	5	\N	2025-05-10 07:44:04.636186+03
31	TB3-KNT-00001	2025-05-09 22:21:28.087672+03	USED	2	1	2	\N	2025-05-10 21:04:26.426622+03
28	TB3-GVD-00001	2025-05-09 22:21:28.083964+03	USED	2	2	3	\N	2025-05-10 21:04:26.427622+03
22	TB3-KYR-00001	2025-05-09 22:21:28.075133+03	USED	2	3	5	\N	2025-05-10 21:04:26.428622+03
46	TB3-KNT-00002	2025-05-09 22:21:28.100107+03	USED	2	1	2	\N	2025-05-10 21:05:35.290549+03
78	AKINCI-AVY-00003	2025-05-09 22:21:28.120839+03	RECYCLED	3	4	4	\N	2025-05-10 07:46:51.26926+03
68	AKINCI-AVY-00002	2025-05-09 22:21:28.119981+03	RECYCLED	3	4	4	\N	2025-05-10 07:46:51.27026+03
62	AKINCI-AVY-00001	2025-05-09 22:21:28.109692+03	RECYCLED	3	4	4	\N	2025-05-10 07:46:51.271261+03
53	TB3-GVD-00002	2025-05-09 22:21:28.106664+03	USED	2	2	3	\N	2025-05-10 21:05:35.291549+03
34	TB3-KYR-00002	2025-05-09 22:21:28.090268+03	USED	2	3	5	\N	2025-05-10 21:05:35.292549+03
54	TB3-KNT-00003	2025-05-09 22:21:28.107665+03	USED	2	1	2	\N	2025-05-10 21:17:09.150929+03
56	TB3-GVD-00003	2025-05-09 22:21:28.109692+03	USED	2	2	3	\N	2025-05-10 21:17:09.151929+03
42	TB3-KYR-00003	2025-05-09 22:21:28.092281+03	USED	2	3	5	\N	2025-05-10 21:17:09.151929+03
19	TB3-AVY-00003	2025-05-09 22:21:28.075133+03	USED	2	4	4	\N	2025-05-10 21:17:09.152929+03
69	KIZILELMA-GVD-00004	2025-05-09 22:21:28.120839+03	USED	4	2	3	\N	2025-05-10 12:09:55.115651+03
83	KIZILELMA-KYR-00004	2025-05-09 22:21:28.120839+03	USED	4	3	5	\N	2025-05-10 12:09:55.115651+03
76	KIZILELMA-AVY-00004	2025-05-09 22:21:28.120839+03	USED	4	4	4	\N	2025-05-10 12:09:55.116651+03
32	AKINCI-KNT-00001	2025-05-09 22:21:28.088266+03	USED	3	1	2	\N	2025-05-11 06:45:08.717059+03
44	AKINCI-GVD-00001	2025-05-09 22:21:28.098106+03	USED	3	2	3	\N	2025-05-11 06:45:08.717059+03
15	AKINCI-KYR-00001	2025-05-09 22:21:28.071568+03	USED	3	3	5	\N	2025-05-11 06:45:08.717059+03
72	AKINCI-KNT-00004	2025-05-09 22:21:28.120839+03	USED	3	1	2	\N	2025-05-10 21:44:18.258202+03
66	AKINCI-GVD-00002	2025-05-09 22:21:28.118379+03	USED	3	2	3	\N	2025-05-10 21:44:18.259276+03
77	KIZILELMA-GVD-00005	2025-05-09 22:21:28.120839+03	USED	4	2	3	\N	2025-05-10 21:49:14.117773+03
64	TB3-KNT-00004	2025-05-09 22:21:28.116381+03	USED	2	1	2	\N	2025-05-11 06:11:08.165166+03
43	TB3-KYR-00004	2025-05-09 22:21:28.097997+03	USED	2	3	5	\N	2025-05-11 06:11:08.166165+03
35	TB3-AVY-00004	2025-05-09 22:21:28.091268+03	USED	2	4	4	\N	2025-05-11 06:11:08.167167+03
8	TB2-KNT-00003	2025-05-09 21:48:16.094389+03	USED	1	1	2	\N	2025-05-11 06:11:52.4168+03
10	TB2-GVD-00001	2025-05-09 21:49:02.703881+03	USED	1	2	3	\N	2025-05-11 06:11:52.417803+03
11	TB2-KYR-00001	2025-05-09 21:49:09.724912+03	USED	1	3	5	\N	2025-05-11 06:11:52.418803+03
9	TB2-KNT-00004	2025-05-09 21:48:55.961679+03	USED	1	1	2	\N	2025-05-11 10:04:01.342117+03
13	TB2-GVD-00002	2025-05-09 22:21:28.070543+03	USED	1	2	3	\N	2025-05-11 10:04:01.342117+03
41	TB2-KYR-00002	2025-05-09 22:21:28.092281+03	USED	1	3	5	\N	2025-05-11 10:04:01.342117+03
17	TB2-AVY-00002	2025-05-09 22:21:28.075133+03	USED	1	4	4	\N	2025-05-11 10:04:01.342117+03
37	TB2-KNT-00005	2025-05-09 22:21:28.092281+03	USED	1	1	2	\N	2025-05-11 10:04:06.672097+03
29	TB2-GVD-00003	2025-05-09 22:21:28.084963+03	USED	1	2	3	\N	2025-05-11 10:04:06.673098+03
61	TB2-KYR-00004	2025-05-09 22:21:28.109692+03	USED	1	3	5	\N	2025-05-11 10:04:06.673098+03
80	TB2-KNT-00008	2025-05-09 22:21:28.120839+03	USED	1	1	2	\N	2025-05-11 18:43:07.828022+03
67	TB2-KYR-00005	2025-05-09 22:21:28.118379+03	USED	1	3	5	\N	2025-05-11 18:43:07.831021+03
82	TB2-KNT-00009	2025-05-09 22:21:28.120839+03	USED	1	1	2	\N	2025-05-11 10:29:11.640787+03
79	TB2-KYR-00006	2025-05-09 22:21:28.120839+03	USED	1	3	5	\N	2025-05-11 10:29:11.641785+03
73	TB2-AVY-00007	2025-05-09 22:21:28.120839+03	USED	1	4	4	\N	2025-05-11 10:29:11.641785+03
51	AKINCI-KNT-00002	2025-05-09 22:21:28.104663+03	USED	3	1	2	\N	2025-05-11 10:29:20.780606+03
70	AKINCI-GVD-00003	2025-05-09 22:21:28.120839+03	USED	3	2	3	\N	2025-05-11 10:29:20.781605+03
18	AKINCI-KYR-00002	2025-05-09 22:21:28.075133+03	USED	3	3	5	\N	2025-05-11 10:29:20.782609+03
85	TB3-KYR-00008	2025-05-09 22:21:28.136296+03	AVAILABLE	2	3	5	\N	2025-05-10 05:05:58.911094+03
87	TB3-KYR-00009	2025-05-09 22:21:28.137296+03	AVAILABLE	2	3	5	\N	2025-05-10 05:05:58.911094+03
88	TB3-AVY-00006	2025-05-09 22:21:28.13831+03	AVAILABLE	2	4	4	\N	2025-05-10 05:05:58.911094+03
92	TB3-KYR-00010	2025-05-09 22:21:28.13831+03	AVAILABLE	2	3	5	\N	2025-05-10 05:05:58.911094+03
93	TB3-AVY-00007	2025-05-09 22:21:28.14295+03	AVAILABLE	2	4	4	\N	2025-05-10 05:05:58.911094+03
96	AKINCI-KYR-00006	2025-05-09 22:21:28.144949+03	AVAILABLE	3	3	5	\N	2025-05-10 05:05:58.911094+03
98	TB2-KNT-00011	2025-05-09 22:21:28.146948+03	AVAILABLE	1	1	2	\N	2025-05-10 05:05:58.911094+03
100	TB3-AVY-00008	2025-05-09 22:21:28.148949+03	AVAILABLE	2	4	4	\N	2025-05-10 05:05:58.911094+03
101	TB2-KNT-00012	2025-05-09 22:21:28.149948+03	AVAILABLE	1	1	2	\N	2025-05-10 05:05:58.911094+03
104	TB2-AVY-00009	2025-05-09 22:21:28.152948+03	AVAILABLE	1	4	4	\N	2025-05-10 05:05:58.911094+03
105	TB2-KYR-00008	2025-05-09 22:21:28.153256+03	AVAILABLE	1	3	5	\N	2025-05-10 05:05:58.911094+03
106	KIZILELMA-KNT-00007	2025-05-09 22:21:28.153256+03	AVAILABLE	4	1	2	\N	2025-05-10 05:05:58.911094+03
108	TB2-KNT-00013	2025-05-09 22:21:28.153256+03	AVAILABLE	1	1	2	\N	2025-05-10 05:05:58.911094+03
109	TB3-GVD-00005	2025-05-09 22:21:28.153256+03	AVAILABLE	2	2	3	\N	2025-05-10 05:05:58.911094+03
110	KIZILELMA-KNT-00008	2025-05-09 22:21:28.153256+03	AVAILABLE	4	1	2	\N	2025-05-10 05:05:58.911094+03
74	TB2-KNT-00007	2025-05-09 22:21:28.120839+03	USED	1	1	2	\N	2025-05-10 05:05:58.911094+03
36	TB2-GVD-00004	2025-05-09 22:21:28.092281+03	USED	1	2	3	\N	2025-05-10 05:05:58.911094+03
48	TB2-KYR-00003	2025-05-09 22:21:28.102107+03	USED	1	3	5	\N	2025-05-10 05:05:58.911094+03
55	TB2-AVY-00006	2025-05-09 22:21:28.108665+03	USED	1	4	4	\N	2025-05-10 05:05:58.911094+03
113	TB2-KNT-00014	2025-05-10 05:08:13.186342+03	AVAILABLE	1	1	2	\N	2025-05-10 05:08:13.186342+03
125	AKINCI-AVY-00005	2025-05-10 21:18:59.973647+03	USED	3	4	4	5	2025-05-10 21:44:18.260277+03
94	KIZILELMA-KNT-00005	2025-05-09 22:21:28.14295+03	USED	4	1	2	\N	2025-05-10 21:49:14.117773+03
114	TB2-KYR-00009	2025-05-10 06:54:24.814915+03	RECYCLED	1	3	6	10	2025-05-10 07:19:10.489251+03
122	KIZILELMA-KYR-00007	2025-05-10 21:18:09.005005+03	USED	4	3	6	10	2025-05-10 21:49:14.118775+03
115	TB2-KYR-00010	2025-05-10 07:02:23.247333+03	USED	1	3	6	10	2025-05-10 07:20:25.399844+03
20	KIZILELMA-AVY-00001	2025-05-09 22:21:28.075133+03	USED	4	4	4	\N	2025-05-10 07:40:50.262759+03
49	KIZILELMA-AVY-00003	2025-05-09 22:21:28.103107+03	USED	4	4	4	\N	2025-05-10 07:44:04.637186+03
103	KIZILELMA-AVY-00005	2025-05-09 22:21:28.151948+03	USED	4	4	4	\N	2025-05-10 21:49:14.118775+03
117	AKINCI-KYR-00008	2025-05-10 07:18:12.924687+03	RECYCLED	3	3	6	10	2025-05-10 11:30:04.279725+03
118	KIZILELMA-KYR-00005	2025-05-10 07:18:16.659075+03	RECYCLED	4	3	6	10	2025-05-10 12:03:48.791499+03
89	KIZILELMA-KNT-00004	2025-05-09 22:21:28.13831+03	USED	4	1	2	\N	2025-05-10 12:09:55.114652+03
119	AKINCI-KYR-00009	2025-05-10 12:13:13.590993+03	AVAILABLE	3	3	6	10	2025-05-10 12:13:13.590993+03
116	TB3-KYR-00011	2025-05-10 07:18:07.747017+03	RECYCLED	2	3	6	10	2025-05-10 12:13:22.975848+03
120	AKINCI-KYR-00010	2025-05-10 12:14:57.845903+03	AVAILABLE	3	3	5	3	2025-05-10 12:14:57.845903+03
121	KIZILELMA-KYR-00006	2025-05-10 13:08:28.212767+03	RECYCLED	4	3	5	3	2025-05-10 13:08:54.745117+03
16	TB3-AVY-00002	2025-05-09 22:21:28.071568+03	USED	2	4	4	\N	2025-05-10 21:04:26.428622+03
14	TB3-AVY-00001	2025-05-09 22:21:28.071568+03	USED	2	4	4	\N	2025-05-10 21:05:35.292549+03
99	AKINCI-KYR-00007	2025-05-09 22:21:28.147949+03	USED	3	3	5	\N	2025-05-10 21:44:18.259276+03
128	KIZILELMA-KYR-00009	2025-05-10 23:02:54.289579+03	AVAILABLE	4	3	5	3	2025-05-10 23:02:54.289579+03
129	TB3-AVY-00009	2025-05-11 05:37:01.502869+03	AVAILABLE	2	4	4	5	2025-05-11 05:37:01.502869+03
130	TB3-AVY-00010	2025-05-11 06:00:53.852031+03	AVAILABLE	2	4	4	5	2025-05-11 06:00:53.852031+03
95	KIZILELMA-KNT-00006	2025-05-09 22:21:28.143949+03	USED	4	1	2	\N	2025-05-10 22:56:02.0458+03
127	KIZILELMA-GVD-00006	2025-05-10 21:49:35.299196+03	USED	4	2	3	\N	2025-05-10 22:56:02.0468+03
123	KIZILELMA-KYR-00008	2025-05-10 21:18:16.442886+03	USED	4	3	6	10	2025-05-10 22:56:02.0468+03
112	KIZILELMA-AVY-00006	2025-05-09 22:21:28.153256+03	USED	4	4	4	\N	2025-05-10 22:56:02.0478+03
107	TB3-GVD-00004	2025-05-09 22:21:28.153256+03	USED	2	2	3	\N	2025-05-11 06:11:08.166165+03
12	TB2-AVY-00001	2025-05-09 21:49:20.85513+03	USED	1	4	4	\N	2025-05-11 06:11:52.418803+03
124	AKINCI-AVY-00004	2025-05-10 21:18:57.384276+03	USED	3	4	4	5	2025-05-11 06:45:08.717059+03
132	AKINCI-KYR-00011	2025-05-11 06:45:28.974961+03	AVAILABLE	3	3	6	10	2025-05-11 06:45:28.974961+03
133	KIZILELMA-KYR-00010	2025-05-11 06:45:30.655355+03	AVAILABLE	4	3	6	10	2025-05-11 06:45:30.655355+03
134	TB3-KYR-00012	2025-05-11 06:45:31.620751+03	AVAILABLE	2	3	6	10	2025-05-11 06:45:31.620751+03
135	TB2-KYR-00011	2025-05-11 06:45:32.504305+03	AVAILABLE	1	3	6	10	2025-05-11 06:45:32.504305+03
136	TB2-KYR-00012	2025-05-11 06:45:37.054439+03	AVAILABLE	1	3	6	10	2025-05-11 06:45:37.054439+03
137	AKINCI-AVY-00008	2025-05-11 09:48:09.290512+03	AVAILABLE	3	4	4	5	2025-05-11 09:48:09.290512+03
138	AKINCI-AVY-00009	2025-05-11 09:48:09.29064+03	AVAILABLE	3	4	4	5	2025-05-11 09:48:09.29064+03
139	TB2-AVY-00010	2025-05-11 09:48:13.507295+03	AVAILABLE	1	4	4	5	2025-05-11 09:48:13.507295+03
140	TB2-AVY-00011	2025-05-11 09:48:13.616192+03	AVAILABLE	1	4	4	5	2025-05-11 09:48:13.616192+03
141	TB3-AVY-00011	2025-05-11 09:48:14.257487+03	AVAILABLE	2	4	4	5	2025-05-11 09:48:14.257487+03
142	TB3-AVY-00012	2025-05-11 09:48:14.371122+03	AVAILABLE	2	4	4	5	2025-05-11 09:48:14.371122+03
143	AKINCI-AVY-00010	2025-05-11 09:48:15.524147+03	AVAILABLE	3	4	4	5	2025-05-11 09:48:15.524147+03
102	TB2-GVD-00007	2025-05-09 22:21:28.150948+03	USED	1	2	3	\N	2025-05-11 10:29:11.641785+03
126	AKINCI-AVY-00006	2025-05-10 21:19:01.675183+03	USED	3	4	4	5	2025-05-11 10:29:20.783606+03
131	AKINCI-AVY-00007	2025-05-11 06:05:42.159397+03	USED	3	4	4	5	2025-05-11 19:59:44.958134+03
97	TB2-KNT-00010	2025-05-09 22:21:28.145949+03	USED	1	1	2	\N	2025-05-11 10:41:44.524749+03
111	TB2-GVD-00008	2025-05-09 22:21:28.153256+03	USED	1	2	3	\N	2025-05-11 10:41:44.525748+03
90	AKINCI-KNT-00005	2025-05-09 22:21:28.13831+03	RECYCLED	3	1	2	\N	2025-05-11 12:01:43.356211+03
145	AKINCI-AVY-00011	2025-05-11 09:48:45.540863+03	AVAILABLE	3	4	4	5	2025-05-11 09:48:45.540863+03
147	AKINCI-AVY-00012	2025-05-11 09:48:58.440739+03	AVAILABLE	3	4	4	5	2025-05-11 09:48:58.440739+03
149	KIZILELMA-AVY-00007	2025-05-11 09:49:43.639739+03	AVAILABLE	4	4	4	5	2025-05-11 09:49:43.639739+03
151	KIZILELMA-AVY-00008	2025-05-11 09:49:48.373996+03	AVAILABLE	4	4	4	5	2025-05-11 09:49:48.373996+03
153	AKINCI-AVY-00013	2025-05-11 09:49:55.174285+03	AVAILABLE	3	4	4	5	2025-05-11 09:49:55.174285+03
155	KIZILELMA-KYR-00011	2025-05-11 09:50:26.037529+03	AVAILABLE	4	3	5	3	2025-05-11 09:50:26.037529+03
156	KIZILELMA-AVY-00009	2025-05-11 09:51:46.675299+03	AVAILABLE	4	4	4	5	2025-05-11 09:51:46.675299+03
157	AKINCI-AVY-00014	2025-05-11 09:51:50.330577+03	AVAILABLE	3	4	4	5	2025-05-11 09:51:50.330577+03
158	AKINCI-AVY-00015	2025-05-11 09:52:32.874433+03	AVAILABLE	3	4	4	5	2025-05-11 09:52:32.874433+03
160	AKINCI-AVY-00016	2025-05-11 09:52:40.758098+03	AVAILABLE	3	4	4	5	2025-05-11 09:52:40.758098+03
162	AKINCI-AVY-00017	2025-05-11 09:54:09.4079+03	AVAILABLE	3	4	4	5	2025-05-11 09:54:09.4079+03
163	AKINCI-AVY-00018	2025-05-11 09:54:09.512825+03	AVAILABLE	3	4	4	5	2025-05-11 09:54:09.512825+03
164	KIZILELMA-AVY-00010	2025-05-11 09:54:19.824434+03	AVAILABLE	4	4	4	5	2025-05-11 09:54:19.824434+03
165	KIZILELMA-AVY-00011	2025-05-11 09:54:19.940934+03	AVAILABLE	4	4	4	5	2025-05-11 09:54:19.940934+03
166	KIZILELMA-AVY-00012	2025-05-11 09:54:36.895115+03	AVAILABLE	4	4	4	5	2025-05-11 09:54:36.895115+03
167	KIZILELMA-AVY-00013	2025-05-11 09:54:36.908413+03	AVAILABLE	4	4	4	5	2025-05-11 09:54:36.908413+03
168	KIZILELMA-AVY-00014	2025-05-11 09:55:21.158227+03	AVAILABLE	4	4	4	5	2025-05-11 09:55:21.158227+03
169	KIZILELMA-AVY-00015	2025-05-11 09:55:21.272593+03	AVAILABLE	4	4	4	5	2025-05-11 09:55:21.272593+03
170	KIZILELMA-AVY-00016	2025-05-11 09:57:23.209919+03	AVAILABLE	4	4	4	5	2025-05-11 09:57:23.209919+03
171	KIZILELMA-AVY-00017	2025-05-11 09:57:23.324399+03	AVAILABLE	4	4	4	5	2025-05-11 09:57:23.324399+03
27	TB2-AVY-00003	2025-05-09 22:21:28.083964+03	USED	1	4	4	\N	2025-05-11 10:04:06.674098+03
172	TB3-AVY-00013	2025-05-11 10:30:44.638594+03	AVAILABLE	2	4	4	5	2025-05-11 10:30:44.638594+03
173	TB3-AVY-00014	2025-05-11 10:30:44.750663+03	AVAILABLE	2	4	4	5	2025-05-11 10:30:44.750663+03
174	TB3-AVY-00015	2025-05-11 10:30:50.3146+03	AVAILABLE	2	4	4	5	2025-05-11 10:30:50.3146+03
176	TB3-AVY-00016	2025-05-11 10:31:03.765165+03	AVAILABLE	2	4	4	5	2025-05-11 10:31:03.765165+03
177	TB3-AVY-00017	2025-05-11 10:31:03.866488+03	AVAILABLE	2	4	4	5	2025-05-11 10:31:03.866488+03
178	TB3-AVY-00018	2025-05-11 10:31:09.609193+03	AVAILABLE	2	4	4	5	2025-05-11 10:31:09.609193+03
180	KIZILELMA-AVY-00018	2025-05-11 10:39:38.432908+03	AVAILABLE	4	4	4	5	2025-05-11 10:39:38.432908+03
181	KIZILELMA-AVY-00019	2025-05-11 10:39:38.531601+03	AVAILABLE	4	4	4	5	2025-05-11 10:39:38.531601+03
182	AKINCI-AVY-00019	2025-05-11 10:39:40.589486+03	AVAILABLE	3	4	4	5	2025-05-11 10:39:40.589486+03
84	TB2-KYR-00007	2025-05-09 22:21:28.133387+03	USED	1	3	5	\N	2025-05-11 10:41:44.526748+03
86	TB2-AVY-00008	2025-05-09 22:21:28.136296+03	USED	1	4	4	\N	2025-05-11 10:41:44.527748+03
184	TB3-AVY-00019	2025-05-11 10:42:22.508757+03	AVAILABLE	2	4	4	5	2025-05-11 10:42:22.508757+03
185	TB3-AVY-00020	2025-05-11 10:42:22.6051+03	AVAILABLE	2	4	4	5	2025-05-11 10:42:22.6051+03
186	AKINCI-AVY-00020	2025-05-11 10:42:25.419196+03	AVAILABLE	3	4	4	5	2025-05-11 10:42:25.419196+03
188	AKINCI-AVY-00021	2025-05-11 10:43:03.181648+03	AVAILABLE	3	4	4	5	2025-05-11 10:43:03.181648+03
190	TB3-AVY-00021	2025-05-11 10:43:07.430542+03	AVAILABLE	2	4	4	5	2025-05-11 10:43:07.430542+03
192	TB3-AVY-00022	2025-05-11 10:44:34.560112+03	AVAILABLE	2	4	4	5	2025-05-11 10:44:34.560112+03
194	TB3-AVY-00023	2025-05-11 10:50:45.536164+03	AVAILABLE	2	4	4	5	2025-05-11 10:50:45.536164+03
196	TB3-AVY-00024	2025-05-11 10:55:24.526226+03	AVAILABLE	2	4	4	5	2025-05-11 10:55:24.526226+03
198	TB3-AVY-00025	2025-05-11 10:55:49.354349+03	AVAILABLE	2	4	4	5	2025-05-11 10:55:49.355351+03
200	TB3-AVY-00026	2025-05-11 10:56:59.632588+03	AVAILABLE	2	4	4	5	2025-05-11 10:56:59.632588+03
201	TB3-AVY-00027	2025-05-11 10:56:59.73928+03	AVAILABLE	2	4	4	5	2025-05-11 10:56:59.73928+03
202	TB3-AVY-00028	2025-05-11 10:57:01.770238+03	AVAILABLE	2	4	4	5	2025-05-11 10:57:01.770238+03
204	AKINCI-AVY-00022	2025-05-11 10:57:10.242472+03	AVAILABLE	3	4	4	5	2025-05-11 10:57:10.242472+03
205	AKINCI-AVY-00023	2025-05-11 10:57:10.341591+03	AVAILABLE	3	4	4	5	2025-05-11 10:57:10.341591+03
206	AKINCI-AVY-00024	2025-05-11 10:58:33.658181+03	AVAILABLE	3	4	4	5	2025-05-11 10:58:33.658181+03
207	AKINCI-AVY-00025	2025-05-11 10:58:33.760054+03	AVAILABLE	3	4	4	5	2025-05-11 10:58:33.760054+03
208	AKINCI-AVY-00026	2025-05-11 10:58:35.860624+03	AVAILABLE	3	4	4	5	2025-05-11 10:58:35.860624+03
209	AKINCI-AVY-00027	2025-05-11 10:58:35.864634+03	AVAILABLE	3	4	4	5	2025-05-11 10:58:35.864634+03
210	TB3-AVY-00029	2025-05-11 10:58:38.689883+03	AVAILABLE	2	4	4	5	2025-05-11 10:58:38.689883+03
212	TB3-AVY-00030	2025-05-11 10:59:49.87109+03	AVAILABLE	2	4	4	5	2025-05-11 10:59:49.872089+03
214	TB3-AVY-00031	2025-05-11 11:00:27.660118+03	AVAILABLE	2	4	4	5	2025-05-11 11:00:27.660118+03
216	TB3-AVY-00032	2025-05-11 11:01:11.907372+03	AVAILABLE	2	4	4	5	2025-05-11 11:01:11.907372+03
218	TB3-AVY-00033	2025-05-11 11:06:55.283362+03	AVAILABLE	2	4	4	5	2025-05-11 11:06:55.283362+03
220	TB3-AVY-00034	2025-05-11 11:09:00.632546+03	AVAILABLE	2	4	4	5	2025-05-11 11:09:00.632546+03
222	TB3-AVY-00035	2025-05-11 11:49:45.99051+03	AVAILABLE	2	4	4	5	2025-05-11 11:49:45.99051+03
224	KIZILELMA-AVY-00020	2025-05-11 11:50:27.23647+03	AVAILABLE	4	4	4	5	2025-05-11 11:50:27.23647+03
225	KIZILELMA-AVY-00021	2025-05-11 11:50:27.349643+03	AVAILABLE	4	4	4	5	2025-05-11 11:50:27.349643+03
226	KIZILELMA-AVY-00022	2025-05-11 11:50:31.218124+03	AVAILABLE	4	4	4	5	2025-05-11 11:50:31.218124+03
227	KIZILELMA-AVY-00023	2025-05-11 11:50:31.320623+03	AVAILABLE	4	4	4	5	2025-05-11 11:50:31.320623+03
228	TB2-AVY-00012	2025-05-11 11:51:01.617305+03	AVAILABLE	1	4	4	5	2025-05-11 11:51:01.617305+03
229	TB2-AVY-00013	2025-05-11 11:51:03.422368+03	AVAILABLE	1	4	4	5	2025-05-11 11:51:03.422368+03
230	TB2-AVY-00014	2025-05-11 11:51:04.764496+03	AVAILABLE	1	4	4	5	2025-05-11 11:51:04.764496+03
231	TB3-AVY-00036	2025-05-11 12:00:11.518576+03	AVAILABLE	2	4	4	5	2025-05-11 12:00:11.518576+03
232	KIZILELMA-AVY-00024	2025-05-11 12:00:14.984764+03	AVAILABLE	4	4	4	5	2025-05-11 12:00:14.984764+03
233	KIZILELMA-AVY-00025	2025-05-11 12:00:17.501696+03	RECYCLED	4	4	4	5	2025-05-11 12:39:04.823359+03
234	TB2-AVY-00015	2025-05-11 13:51:34.463143+03	AVAILABLE	1	4	4	5	2025-05-11 13:51:34.463143+03
235	TB3-AVY-00037	2025-05-11 13:51:35.849454+03	AVAILABLE	2	4	4	5	2025-05-11 13:51:35.849454+03
236	AKINCI-AVY-00028	2025-05-11 13:51:37.396489+03	AVAILABLE	3	4	4	5	2025-05-11 13:51:37.397489+03
237	AKINCI-AVY-00029	2025-05-11 13:51:39.091609+03	AVAILABLE	3	4	4	5	2025-05-11 13:51:39.091609+03
239	KIZILELMA-AVY-00027	2025-05-11 13:51:41.998037+03	AVAILABLE	4	4	4	5	2025-05-11 13:51:41.998037+03
238	KIZILELMA-AVY-00026	2025-05-11 13:51:40.450499+03	RECYCLED	4	4	4	5	2025-05-11 17:32:06.256098+03
91	TB2-GVD-00006	2025-05-09 22:21:28.13831+03	USED	1	2	3	\N	2025-05-11 18:43:07.831021+03
45	TB2-AVY-00005	2025-05-09 22:21:28.099107+03	USED	1	4	4	\N	2025-05-11 18:43:07.832021+03
240	TB2-KYR-00013	2025-05-11 19:58:05.28409+03	AVAILABLE	1	3	6	10	2025-05-11 19:58:05.28409+03
241	TB3-KYR-00013	2025-05-11 19:58:08.889371+03	AVAILABLE	2	3	6	10	2025-05-11 19:58:08.889371+03
242	TB3-KYR-00014	2025-05-11 19:58:11.454642+03	AVAILABLE	2	3	6	10	2025-05-11 19:58:11.454642+03
243	AKINCI-KYR-00012	2025-05-11 19:58:13.058847+03	AVAILABLE	3	3	6	10	2025-05-11 19:58:13.058847+03
71	AKINCI-KNT-00003	2025-05-09 22:21:28.120839+03	USED	3	1	2	\N	2025-05-11 19:59:44.95597+03
75	AKINCI-GVD-00004	2025-05-09 22:21:28.120839+03	USED	3	2	3	\N	2025-05-11 19:59:44.956967+03
21	AKINCI-KYR-00003	2025-05-09 22:21:28.075133+03	USED	3	3	5	\N	2025-05-11 19:59:44.957612+03
244	AKINCI-KYR-00013	2025-05-11 20:15:24.954237+03	AVAILABLE	3	3	5	3	2025-05-11 20:15:24.955234+03
\.


--
-- Data for Name: aircraft_production_app_parttype; Type: TABLE DATA; Schema: public; Owner: bayraktar
--

COPY public.aircraft_production_app_parttype (id, category) FROM stdin;
1	WING
2	FUSELAGE
3	TAIL
4	AVIONICS
\.


--
-- Data for Name: aircraft_production_app_personnel; Type: TABLE DATA; Schema: public; Owner: bayraktar
--

COPY public.aircraft_production_app_personnel (user_id, team_id) FROM stdin;
6	2
4	3
5	4
3	5
2	1
8	4
9	2
11	3
12	1
10	6
13	7
15	8
16	\N
17	\N
\.


--
-- Data for Name: aircraft_production_app_team; Type: TABLE DATA; Schema: public; Owner: bayraktar
--

COPY public.aircraft_production_app_team (id, name, team_type) FROM stdin;
1	Montaj_Takimi	ASSEMBLY_TEAM
2	Kanat_Takimi	WING_TEAM
3	Govde_Takimi	FUSELAGE_TEAM
4	Aviyonik_Takimi	AVIONICS_TEAM
5	Kuyruk_Takimi	TAIL_TEAM
6	Kuyruk_Acisi	TAIL_TEAM
7	Montaj_Takimi_2	ASSEMBLY_TEAM
8	Muller	ASSEMBLY_TEAM
\.


--
-- Data for Name: aircraft_production_app_workorder; Type: TABLE DATA; Schema: public; Owner: bayraktar
--

COPY public.aircraft_production_app_workorder (id, quantity, status, notes, created_at, updated_at, target_completion_date, aircraft_model_id, assigned_to_assembly_team_id, created_by_id) FROM stdin;
3	1	CANCELLED		2025-05-09 22:04:09.32085+03	2025-05-10 07:41:45.439873+03	\N	3	1	1
2	1	CANCELLED		2025-05-09 21:48:32.965759+03	2025-05-10 07:41:45.448115+03	\N	2	1	1
6	2	CANCELLED	\N	2025-05-10 08:33:04.074281+03	2025-05-10 08:36:41.086362+03	\N	4	7	13
7	2	CANCELLED	\N	2025-05-10 08:59:43.933321+03	2025-05-10 12:00:06.996495+03	\N	4	7	1
9	1	PENDING		2025-05-10 21:03:06.909648+03	2025-05-10 21:15:45.639167+03	\N	3	7	1
8	1	COMPLETED		2025-05-10 21:02:39.111838+03	2025-05-10 21:15:52.641821+03	\N	2	1	1
5	2	CANCELLED	\N	2025-05-10 08:32:38.471365+03	2025-05-10 21:16:01.840311+03	\N	4	1	13
4	2	COMPLETED		2025-05-10 08:32:02.729006+03	2025-05-10 22:57:21.76478+03	\N	4	\N	13
10	1	PENDING		2025-05-10 23:12:32.244623+03	2025-05-10 23:12:32.244623+03	\N	3	\N	1
11	1	ASSIGNED		2025-05-10 23:35:14.326445+03	2025-05-10 23:35:14.326445+03	\N	3	7	1
12	1	PENDING		2025-05-11 06:05:55.838879+03	2025-05-11 06:05:55.838879+03	\N	3	\N	1
13	1	PENDING		2025-05-11 06:05:57.757356+03	2025-05-11 06:05:57.757356+03	\N	3	\N	1
14	1	PENDING		2025-05-11 06:05:57.893577+03	2025-05-11 06:05:57.893577+03	\N	3	\N	1
15	1	PENDING		2025-05-11 06:05:58.056637+03	2025-05-11 06:05:58.056637+03	\N	3	\N	1
16	1	PENDING		2025-05-11 06:06:04.676477+03	2025-05-11 06:06:04.676477+03	\N	1	\N	1
17	1	PENDING		2025-05-11 06:06:04.805377+03	2025-05-11 06:06:04.805377+03	\N	1	\N	1
18	1	PENDING		2025-05-11 06:06:05.074359+03	2025-05-11 06:06:05.074359+03	\N	1	\N	1
19	1	PENDING		2025-05-11 06:06:05.195451+03	2025-05-11 06:06:05.195451+03	\N	1	\N	1
20	1	PENDING		2025-05-11 06:06:05.343691+03	2025-05-11 06:06:05.343691+03	\N	1	\N	1
21	2	PENDING		2025-05-11 06:06:09.372019+03	2025-05-11 06:06:09.372019+03	\N	4	\N	1
22	2	PENDING		2025-05-11 06:06:09.739154+03	2025-05-11 06:06:09.739154+03	\N	4	\N	1
23	2	PENDING		2025-05-11 06:06:10.176122+03	2025-05-11 06:06:10.176122+03	\N	4	\N	1
24	2	ASSIGNED		2025-05-11 06:06:12.306856+03	2025-05-11 06:06:12.306856+03	\N	4	1	1
25	2	ASSIGNED		2025-05-11 06:06:12.471984+03	2025-05-11 06:06:12.471984+03	\N	4	1	1
26	2	ASSIGNED		2025-05-11 06:06:12.712152+03	2025-05-11 06:06:12.712152+03	\N	4	1	1
27	2	ASSIGNED		2025-05-11 06:06:12.742197+03	2025-05-11 06:06:12.742197+03	\N	4	1	1
28	2	ASSIGNED		2025-05-11 06:06:12.867394+03	2025-05-11 06:06:12.867394+03	\N	4	1	1
29	2	ASSIGNED		2025-05-11 06:06:12.989876+03	2025-05-11 06:06:12.989876+03	\N	4	1	1
30	2	ASSIGNED		2025-05-11 06:06:13.657225+03	2025-05-11 06:06:13.657225+03	\N	4	1	1
31	1	PENDING		2025-05-11 06:10:56.551261+03	2025-05-11 06:15:29.081959+03	\N	3	\N	1
32	1	PENDING		2025-05-11 06:15:38.257106+03	2025-05-11 06:15:38.257106+03	\N	1	\N	1
33	1	PENDING		2025-05-11 06:15:38.738271+03	2025-05-11 06:15:38.738271+03	\N	1	\N	1
34	1	PENDING		2025-05-11 06:17:16.112109+03	2025-05-11 06:17:16.112109+03	\N	3	\N	1
35	1	PENDING		2025-05-11 06:17:16.930002+03	2025-05-11 06:17:16.930002+03	\N	3	\N	1
36	1	PENDING		2025-05-11 06:17:16.959008+03	2025-05-11 06:17:16.959008+03	\N	3	\N	1
37	1	PENDING		2025-05-11 06:17:17.123908+03	2025-05-11 06:17:17.123908+03	\N	3	\N	1
38	1	PENDING		2025-05-11 06:51:22.757739+03	2025-05-11 06:51:22.757739+03	\N	3	\N	1
39	1	ASSIGNED		2025-05-11 08:03:01.067476+03	2025-05-11 08:03:01.067476+03	\N	2	1	1
40	1	ASSIGNED		2025-05-11 09:47:05.224072+03	2025-05-11 09:47:05.224072+03	2025-05-11	3	1	1
41	1	ASSIGNED		2025-05-11 09:47:05.327209+03	2025-05-11 09:47:05.327209+03	2025-05-11	3	1	1
42	1	ASSIGNED		2025-05-11 10:06:53.709297+03	2025-05-11 10:06:53.709297+03	\N	2	1	1
43	1	ASSIGNED		2025-05-11 10:06:53.709297+03	2025-05-11 10:06:53.709297+03	\N	2	1	1
44	1	PENDING		2025-05-11 10:07:08.72594+03	2025-05-11 10:07:08.72594+03	\N	1	\N	1
45	1	PENDING		2025-05-11 10:07:08.838459+03	2025-05-11 10:07:08.838459+03	\N	1	\N	1
46	1	ASSIGNED		2025-05-11 10:28:34.912529+03	2025-05-11 10:28:34.912529+03	\N	2	1	1
47	1	ASSIGNED		2025-05-11 10:28:34.91353+03	2025-05-11 10:28:34.91353+03	\N	2	1	1
49	2	ASSIGNED		2025-05-11 18:41:18.356232+03	2025-05-11 18:41:18.356232+03	2025-05-16	2	8	1
48	1	COMPLETED		2025-05-11 10:28:43.543708+03	2025-05-11 19:59:44.95597+03	\N	3	\N	1
\.


--
-- Data for Name: auth_group; Type: TABLE DATA; Schema: public; Owner: bayraktar
--

COPY public.auth_group (id, name) FROM stdin;
\.


--
-- Data for Name: auth_group_permissions; Type: TABLE DATA; Schema: public; Owner: bayraktar
--

COPY public.auth_group_permissions (id, group_id, permission_id) FROM stdin;
\.


--
-- Data for Name: auth_permission; Type: TABLE DATA; Schema: public; Owner: bayraktar
--

COPY public.auth_permission (id, name, content_type_id, codename) FROM stdin;
1	Can add log entry	1	add_logentry
2	Can change log entry	1	change_logentry
3	Can delete log entry	1	delete_logentry
4	Can view log entry	1	view_logentry
5	Can add permission	2	add_permission
6	Can change permission	2	change_permission
7	Can delete permission	2	delete_permission
8	Can view permission	2	view_permission
9	Can add group	3	add_group
10	Can change group	3	change_group
11	Can delete group	3	delete_group
12	Can view group	3	view_group
13	Can add user	4	add_user
14	Can change user	4	change_user
15	Can delete user	4	delete_user
16	Can view user	4	view_user
17	Can add content type	5	add_contenttype
18	Can change content type	5	change_contenttype
19	Can delete content type	5	delete_contenttype
20	Can view content type	5	view_contenttype
21	Can add session	6	add_session
22	Can change session	6	change_session
23	Can delete session	6	delete_session
24	Can view session	6	view_session
25	Can add Token	7	add_token
26	Can change Token	7	change_token
27	Can delete Token	7	delete_token
28	Can view Token	7	view_token
29	Can add Token	8	add_tokenproxy
30	Can change Token	8	change_tokenproxy
31	Can delete Token	8	delete_tokenproxy
32	Can view Token	8	view_tokenproxy
33	Can add Hava Aracı Modeli	9	add_aircraftmodel
34	Can change Hava Aracı Modeli	9	change_aircraftmodel
35	Can delete Hava Aracı Modeli	9	delete_aircraftmodel
36	Can view Hava Aracı Modeli	9	view_aircraftmodel
37	Can add Takım	10	add_team
38	Can change Takım	10	change_team
39	Can delete Takım	10	delete_team
40	Can view Takım	10	view_team
41	Can add Personel	11	add_personnel
42	Can change Personel	11	change_personnel
43	Can delete Personel	11	delete_personnel
44	Can view Personel	11	view_personnel
45	Can add Parça Tipi	12	add_parttype
46	Can change Parça Tipi	12	change_parttype
47	Can delete Parça Tipi	12	delete_parttype
48	Can view Parça Tipi	12	view_parttype
49	Can add İş Emri	13	add_workorder
50	Can change İş Emri	13	change_workorder
51	Can delete İş Emri	13	delete_workorder
52	Can view İş Emri	13	view_workorder
53	Can add Üretilmiş Parça	14	add_part
54	Can change Üretilmiş Parça	14	change_part
55	Can delete Üretilmiş Parça	14	delete_part
56	Can view Üretilmiş Parça	14	view_part
57	Can add Monte Edilmiş Hava Aracı	15	add_aircraft
58	Can change Monte Edilmiş Hava Aracı	15	change_aircraft
59	Can delete Monte Edilmiş Hava Aracı	15	delete_aircraft
60	Can view Monte Edilmiş Hava Aracı	15	view_aircraft
\.


--
-- Data for Name: auth_user; Type: TABLE DATA; Schema: public; Owner: bayraktar
--

COPY public.auth_user (id, password, last_login, is_superuser, username, first_name, last_name, email, is_staff, is_active, date_joined) FROM stdin;
2	pbkdf2_sha256$1000000$V0ZMjx9lhw8ZR53Jmh8YKS$fqDrg2sSOLXpGx6Pz/t+WteUBL+FvrcX+I7Wf16zOuI=	\N	f	Montaj_Personeli_1				f	t	2025-05-09 20:35:32.099904+03
3	pbkdf2_sha256$1000000$UqzvOnJTBwPkNKyaKRwnk4$Rtahehc/ZEM530vYSLrjm3JE8QyaQV9ZJZh2xsLPyOE=	\N	f	Kuyruk_Takimi_Personeli_1				f	t	2025-05-09 20:35:45.063635+03
4	pbkdf2_sha256$1000000$JpCyW7ZRfb97ryLow2USjH$JKtxmcSDq89GR3LGgVMGAi6NBcldEikqtChNtblXkFM=	\N	f	Govde_Takimi_Personeli_1				f	t	2025-05-09 20:36:01.16361+03
5	pbkdf2_sha256$1000000$zKzpNAje60vrlk8efngOdB$mNFOpiemcQUNS/E0GPLNf24VqJ6OCAsYP2hiLz9zMxs=	\N	f	Aviyonik_Takimi_Personeli_1				f	t	2025-05-09 20:36:26.330558+03
6	pbkdf2_sha256$1000000$Q5g9rZ1LkTDPgerifEW8gL$Aa/wXRd/SfKj2T5M0cT6JWqKF4JeFmc8dzISHgfbeT4=	\N	f	Kanat_Takimi_Personeli_1				f	t	2025-05-09 20:36:42.034628+03
7	pbkdf2_sha256$1000000$9TnVEdMrtqUlCg63wtcJun$veWXLGsRswRCJLpSKZYvFuV53TfVQKSKJvC+UhJQPJs=	\N	f	Baykar				t	t	2025-05-09 22:49:05+03
8	pbkdf2_sha256$1000000$oUfoces9nBs33WbAoTUdSX$SCE2jQ8edTExY1OdTPTRQ3cGE+1hWkrzfxGhmE59/8c=	\N	f	Aviyonik_Takimi_Personeli_2				f	t	2025-05-09 22:50:07.266568+03
9	pbkdf2_sha256$1000000$ZtgRw7ootvLujCBCZ2fkbS$ASHiTQxqZyh2w+uSv4AvKrVeMTazfCvOn7shXOXC3xY=	\N	f	Kanat_Takimi_Personeli_2				f	t	2025-05-09 22:50:34.774668+03
10	pbkdf2_sha256$1000000$5PIlA9lFOZUDUqpEbjFOPG$p/fw3+oJPF7KN3pOY+aSvXpk/XI0UM63zlDCru/cn7A=	\N	f	Kuyruk_Takimi_Personeli_2				f	t	2025-05-09 22:50:56.448548+03
11	pbkdf2_sha256$1000000$cyCYRcnYKmHZp00I72A2AL$1x4VpLK5KSmKtaIBk4o62gWb0Dp2JQYOfv6T7RMtU3k=	\N	f	Govde_Takimi_Personeli_2				f	t	2025-05-09 22:51:24.304838+03
12	pbkdf2_sha256$1000000$6uxCfMwAdbFj3UWmUZqpwh$TxwlhoIAFsZ94Yu56QPKJfxDCX4a0XRNJztubpUytdw=	\N	f	Montaj_Personeli_2				f	t	2025-05-09 22:51:54.765635+03
13	pbkdf2_sha256$1000000$g2dv3VEH7OTM8yXDxT2xOq$pkA+sVXUheQAS8zZzvQTDCyH/fKeHUdF4HfH6700A14=	\N	f	Montaj_Personeli_3				f	t	2025-05-10 06:58:19.141497+03
14	pbkdf2_sha256$1000000$s4404qXCVlkObxkpTQ7PNI$qEQen51s9y6Ty2J+SVf1wKmz/NOJx/IcOXtiecpvxB8=	\N	f	baykar			1@11.com	f	t	2025-05-11 15:00:00.627693+03
15	pbkdf2_sha256$1000000$Irxaq32ddsB6fDlsMzUaES$fept/T6Px6f2l8KXX+gxV5Iii07Wyb9u8+M17BHa2p4=	\N	f	1			1@1.com	f	t	2025-05-11 16:24:16.317749+03
16	pbkdf2_sha256$1000000$DXPLZ3eCZ9TEpGPJroII9t$qUAm2goWQnS23lKJbtsJla8z2rCHtt41q4tvvoYQKwo=	\N	f	2			2@2.com	f	t	2025-05-11 18:05:32.114964+03
17	pbkdf2_sha256$1000000$EVfWv1lbomD0CklzeIVKa0$3VKyZ8rfdKr4n95hPRSjOFdSCjBQOvCemi6BkIgWdQg=	\N	f	3			3@3.com	f	t	2025-05-11 18:43:29.234476+03
1	pbkdf2_sha256$1000000$WSh68L751hR9zKIQ4D343S$0AHX+OAF9s4sr3PDKxcpvonGc25Zo6LxYrkZNt42GTk=	2025-05-11 19:27:38.051737+03	t	bayraktar			isikmuhamm@gmail.com	t	t	2025-05-09 20:13:38.879182+03
\.


--
-- Data for Name: auth_user_groups; Type: TABLE DATA; Schema: public; Owner: bayraktar
--

COPY public.auth_user_groups (id, user_id, group_id) FROM stdin;
\.


--
-- Data for Name: auth_user_user_permissions; Type: TABLE DATA; Schema: public; Owner: bayraktar
--

COPY public.auth_user_user_permissions (id, user_id, permission_id) FROM stdin;
1	7	1
2	7	2
3	7	3
4	7	4
5	7	5
6	7	6
7	7	7
8	7	8
9	7	9
10	7	10
11	7	11
12	7	12
13	7	13
14	7	14
15	7	15
16	7	16
17	7	17
18	7	18
19	7	19
20	7	20
21	7	21
22	7	22
23	7	23
24	7	24
25	7	25
26	7	26
27	7	27
28	7	28
29	7	29
30	7	30
31	7	31
32	7	32
33	7	33
34	7	34
35	7	35
36	7	36
37	7	37
38	7	38
39	7	39
40	7	40
41	7	41
42	7	42
43	7	43
44	7	44
45	7	45
46	7	46
47	7	47
48	7	48
49	7	49
50	7	50
51	7	51
52	7	52
53	7	53
54	7	54
55	7	55
56	7	56
57	7	57
58	7	58
59	7	59
60	7	60
\.


--
-- Data for Name: authtoken_token; Type: TABLE DATA; Schema: public; Owner: bayraktar
--

COPY public.authtoken_token (key, created, user_id) FROM stdin;
f7dff19bd48dfdbee3259f64f0b89a4f83b289d1	2025-05-10 05:57:37.827783+03	1
0eedc15143326d5ae951eca993206306b3849d58	2025-05-10 06:29:50.901462+03	12
f86b803a220b2815fc7e9af544c28b5d3a47048b	2025-05-10 06:52:01.619012+03	10
6c05ec46b5ba26376a1fe992504e968fe0b3cf85	2025-05-10 06:58:37.119225+03	13
a2fc29589d8495703592e62c2995c951425bda49	2025-05-10 07:43:14.313373+03	2
2dfcde9adb38ac402f437931259f30549ca5af32	2025-05-10 12:14:35.828069+03	3
ec70dbaab83f5523ab31f09a410c2337d8e484ee	2025-05-10 21:18:48.397696+03	5
8c741d433e6fe7e1f53c6c3f5e3d4e5209aa9156	2025-05-11 15:00:09.884273+03	14
0836991a648021bf30d980bb502d73741de7029c	2025-05-11 17:32:58.406515+03	15
e597a50cc581edddce1c2fd0db01390c26361775	2025-05-11 18:05:39.702288+03	16
e25e820ba509dd6508e201b8c661cfcf41ab29c2	2025-05-11 20:14:37.484349+03	11
\.


--
-- Data for Name: django_admin_log; Type: TABLE DATA; Schema: public; Owner: bayraktar
--

COPY public.django_admin_log (id, action_time, object_id, object_repr, action_flag, change_message, content_type_id, user_id) FROM stdin;
1	2025-05-09 20:14:23.815888+03	1	TB2	1	[{"added": {}}]	9	1
2	2025-05-09 20:14:26.769105+03	2	TB3	1	[{"added": {}}]	9	1
3	2025-05-09 20:14:29.572463+03	3	AKINCI	1	[{"added": {}}]	9	1
4	2025-05-09 20:14:31.824114+03	4	KIZILELMA	1	[{"added": {}}]	9	1
5	2025-05-09 20:17:54.275771+03	1	Kanat	1	[{"added": {}}]	12	1
6	2025-05-09 20:18:34.200339+03	2	Gövde	1	[{"added": {}}]	12	1
7	2025-05-09 20:18:37.737332+03	3	Kuyruk	1	[{"added": {}}]	12	1
8	2025-05-09 20:18:40.630853+03	4	Aviyonik	1	[{"added": {}}]	12	1
9	2025-05-09 20:19:03.761298+03	1	Montaj_Takimi (Montaj Takımı)	1	[{"added": {}}]	10	1
10	2025-05-09 20:19:11.463706+03	2	Kanat_Takimi (Kanat Takımı)	1	[{"added": {}}]	10	1
11	2025-05-09 20:19:17.521879+03	3	Govde_Takimi (Gövde Takımı)	1	[{"added": {}}]	10	1
12	2025-05-09 20:19:33.161135+03	4	Aviyonik_Takimi (Aviyonik Takımı)	1	[{"added": {}}]	10	1
13	2025-05-09 20:19:43.445135+03	5	Kuyruk_Takimi (Kuyruk Takımı)	1	[{"added": {}}]	10	1
14	2025-05-09 20:20:37.90324+03	1	Kanat - SN: TB2-KNT-00001 (TB2 için)	1	[{"added": {}}]	14	1
15	2025-05-09 20:35:32.943619+03	2	Montaj_Personeli_1	1	[{"added": {}}]	4	1
16	2025-05-09 20:35:45.618972+03	3	Kuyruk_Takimi_Personeli_1	1	[{"added": {}}]	4	1
17	2025-05-09 20:36:01.775719+03	4	Govde_Takimi_Personeli_1	1	[{"added": {}}]	4	1
18	2025-05-09 20:36:03.74468+03	4	Govde_Takimi_Personeli_1	1	[{"added": {}}]	11	1
19	2025-05-09 20:36:27.130138+03	5	Aviyonik_Takimi_Personeli_1	1	[{"added": {}}]	4	1
20	2025-05-09 20:36:42.813092+03	6	Kanat_Takimi_Personeli_1	1	[{"added": {}}]	4	1
21	2025-05-09 20:36:47.052163+03	6	Kanat_Takimi_Personeli_1	2	[{"changed": {"fields": ["Kullan\\u0131c\\u0131", "Tak\\u0131m"]}}]	11	1
22	2025-05-09 20:36:50.161442+03	4	Govde_Takimi_Personeli_1	2	[{"changed": {"fields": ["Tak\\u0131m"]}}]	11	1
23	2025-05-09 20:36:56.747728+03	5	Aviyonik_Takimi_Personeli_1	1	[{"added": {}}]	11	1
24	2025-05-09 21:04:19.535248+03	1	İş Emri #1 - TB2 (1 adet) - Atandı	1	[{"added": {}}]	13	1
25	2025-05-09 21:15:58.147688+03	5	Aviyonik_Takimi_Personeli_1	2	[{"changed": {"fields": ["Tak\\u0131m"]}}]	11	1
26	2025-05-09 21:16:07.45843+03	3	Kuyruk_Takimi_Personeli_1	1	[{"added": {}}]	11	1
27	2025-05-09 21:16:31.895761+03	2	Montaj_Personeli_1	1	[{"added": {}}]	11	1
28	2025-05-09 21:16:49.407498+03	2	Kanat - SN: TB2-KNT-00002 (TB2 için)	1	[{"added": {}}]	14	1
29	2025-05-09 21:38:45.022127+03	1	Kanat - SN: TB2-KNT-00001 (TB2 için)	3		14	1
30	2025-05-09 21:39:11.815386+03	1	İş Emri #1 - TB2 (1 adet) - Atandı	3		13	1
31	2025-05-09 21:42:10.009111+03	4	Gövde - SN: TB2-GVD-00001 (TB2 için)	1	[{"added": {}}]	14	1
32	2025-05-09 21:43:01.305491+03	2	Kanat - SN: TB2-KNT-00002 (TB2 için)	2	[{"changed": {"fields": ["Par\\u00e7a Durumu"]}}]	14	1
33	2025-05-09 21:43:11.397269+03	4	Gövde - SN: TB2-GVD-00001 (TB2 için)	3		14	1
34	2025-05-09 21:43:17.60527+03	2	Kanat - SN: TB2-KNT-00002 (TB2 için)	3		14	1
35	2025-05-09 21:43:24.081038+03	6	Kanat - SN: TB2-KNT-00001 (TB2 için)	1	[{"added": {}}]	14	1
36	2025-05-09 21:43:32.526628+03	7	Kanat - SN: TB2-KNT-00002 (TB2 için)	1	[{"added": {}}]	14	1
37	2025-05-09 21:44:33.975166+03	6	Kanat - SN: TB2-KNT-00001 (TB2 için)	3		14	1
38	2025-05-09 21:48:07.587083+03	7	Kanat - SN: TB2-KNT-00002 (TB2 için)	3		14	1
39	2025-05-09 21:48:16.09539+03	8	Kanat - SN: TB2-KNT-00003 (TB2 için)	1	[{"added": {}}]	14	1
40	2025-05-09 21:48:32.966758+03	2	İş Emri #2 - TB3 (1 adet) - Atandı	1	[{"added": {}}]	13	1
41	2025-05-09 21:48:38.144878+03	2	İş Emri #2 - TB3 (1 adet) - Atandı	3		13	1
42	2025-05-09 21:48:55.962679+03	9	Kanat - SN: TB2-KNT-00004 (TB2 için)	1	[{"added": {}}]	14	1
43	2025-05-09 21:49:02.703881+03	10	Gövde - SN: TB2-GVD-00001 (TB2 için)	1	[{"added": {}}]	14	1
44	2025-05-09 21:49:09.72594+03	11	Kuyruk - SN: TB2-KYR-00001 (TB2 için)	1	[{"added": {}}]	14	1
45	2025-05-09 21:49:20.85513+03	12	Aviyonik - SN: TB2-AVY-00001 (TB2 için)	1	[{"added": {}}]	14	1
46	2025-05-09 21:50:43.374945+03	1	TB3 - SN: TB3-0001	1	[{"added": {}}]	15	1
47	2025-05-09 21:51:17.901353+03	1	TB3 - SN: TB3-0001	3		15	1
48	2025-05-09 21:52:37.711199+03	2	AKINCI - SN: AKINCI-0001	1	[{"added": {}}]	15	1
49	2025-05-09 21:52:45.776344+03	2	AKINCI - SN: AKINCI-0001	3		15	1
50	2025-05-09 21:57:26.032582+03	1	TB3 - SN: TB3-0001	2	[{"changed": {"fields": ["\\u0130lgili \\u0130\\u015f Emri (Montaj)"]}}]	15	1
51	2025-05-09 21:57:31.354317+03	1	TB3 - SN: TB3-0001	2	[{"changed": {"fields": ["\\u0130lgili \\u0130\\u015f Emri (Montaj)"]}}]	15	1
52	2025-05-09 21:57:38.188597+03	2	İş Emri #2 - TB3 (1 adet) - İptal Edildi	3		13	1
53	2025-05-09 22:03:34.844519+03	2	TB3 - SN: AKINCI-0001	2	[{"changed": {"fields": ["Hava Arac\\u0131 Modeli", "\\u0130lgili \\u0130\\u015f Emri (Montaj)"]}}]	15	1
54	2025-05-09 22:04:09.32185+03	3	İş Emri #3 - AKINCI (1 adet) - Atandı	1	[{"added": {}}]	13	1
55	2025-05-09 22:04:19.084654+03	3	İş Emri #3 - AKINCI (1 adet) - Atandı	3		13	1
56	2025-05-09 22:49:05.738502+03	7	Baykar	1	[{"added": {}}]	4	1
57	2025-05-09 22:49:39.87754+03	7	Baykar	2	[{"changed": {"fields": ["Staff status", "User permissions"]}}]	4	1
58	2025-05-09 22:50:07.756122+03	8	Aviyonik_Takimi_Personeli_2	1	[{"added": {}}]	4	1
59	2025-05-09 22:50:13.914644+03	8	Aviyonik_Takimi_Personeli_2	1	[{"added": {}}]	11	1
60	2025-05-09 22:50:35.276738+03	9	Kanat_Takimi_Personeli_2	1	[{"added": {}}]	4	1
61	2025-05-09 22:50:41.067115+03	9	Kanat_Takimi_Personeli_2	1	[{"added": {}}]	11	1
62	2025-05-09 22:50:56.939469+03	10	Kuyruk_Takimi_Personeli_2	1	[{"added": {}}]	4	1
63	2025-05-09 22:51:00.524829+03	10	Kuyruk_Takimi_Personeli_2	1	[{"added": {}}]	11	1
64	2025-05-09 22:51:24.788625+03	11	Govde_Takimi_Personeli_2	1	[{"added": {}}]	4	1
65	2025-05-09 22:51:28.183903+03	11	Govde_Takimi_Personeli_2	1	[{"added": {}}]	11	1
66	2025-05-09 22:51:55.297634+03	12	Montaj_Personeli_2	1	[{"added": {}}]	4	1
67	2025-05-09 22:51:59.10329+03	12	Montaj_Personeli_2	1	[{"added": {}}]	11	1
68	2025-05-10 04:40:35.870427+03	3	TB2 - SN: TB2-00001	1	[{"added": {}}]	15	1
69	2025-05-10 05:08:13.188341+03	113	Kanat - SN: TB2-KNT-00014 (TB2 için)	1	[{"added": {}}]	14	1
70	2025-05-10 06:52:37.460523+03	6	Kuyruk_Acisi (Kuyruk Takımı)	1	[{"added": {}}]	10	1
71	2025-05-10 06:52:57.903639+03	10	Kuyruk_Takimi_Personeli_2	2	[{"changed": {"fields": ["Tak\\u0131m"]}}]	11	1
72	2025-05-10 06:58:19.674892+03	13	Montaj_Personeli_3	1	[{"added": {}}]	4	1
73	2025-05-10 06:58:21.51786+03	13	Montaj_Personeli_3	1	[{"added": {}}]	11	1
74	2025-05-10 07:03:32.605777+03	4	TB2 - SN: TB2-0002	1	[{"added": {}}]	15	1
75	2025-05-10 07:07:09.530184+03	115	Kuyruk - SN: TB2-KYR-00010 (TB2 için)	3		14	1
76	2025-05-10 07:19:38.407631+03	115	Kuyruk - SN: TB2-KYR-00010 (TB2 için)	3		14	1
77	2025-05-10 07:20:14.988378+03	115	Kuyruk - SN: TB2-KYR-00010 (TB2 için)	2	[{"changed": {"fields": ["Par\\u00e7a Durumu"]}}]	14	1
78	2025-05-10 07:20:25.400843+03	4	TB2 - SN: TB2-0002	2	[]	15	1
79	2025-05-10 07:41:31.553071+03	2	İş Emri #2 - TB3 (1 adet) - İptal Edildi	2	[]	13	1
80	2025-05-10 07:41:45.430874+03	3	İş Emri #3 - AKINCI (1 adet) - İptal Edildi	3		13	1
81	2025-05-10 07:41:45.430874+03	2	İş Emri #2 - TB3 (1 adet) - İptal Edildi	3		13	1
82	2025-05-10 07:43:32.247612+03	7	Montaj_Takimi_2 (Montaj Takımı)	1	[{"added": {}}]	10	1
83	2025-05-10 07:43:38.926055+03	13	Montaj_Personeli_3	2	[]	11	1
84	2025-05-10 07:43:44.432932+03	13	Montaj_Personeli_3	2	[{"changed": {"fields": ["Tak\\u0131m"]}}]	11	1
85	2025-05-10 07:46:51.266261+03	78	Aviyonik - SN: AKINCI-AVY-00003 (AKINCI için)	3		14	1
86	2025-05-10 07:46:51.266261+03	68	Aviyonik - SN: AKINCI-AVY-00002 (AKINCI için)	3		14	1
87	2025-05-10 07:46:51.266261+03	62	Aviyonik - SN: AKINCI-AVY-00001 (AKINCI için)	3		14	1
88	2025-05-10 21:44:18.261276+03	15	AKINCI - SN: AKINCI-0002	1	[{"added": {}}]	15	1
89	2025-05-10 21:49:35.300196+03	127	Gövde - SN: KIZILELMA-GVD-00006 (KIZILELMA için)	1	[{"added": {}}]	14	1
90	2025-05-10 22:55:25.704774+03	4	İş Emri #4 - KIZILELMA (1 adet) - Üretimde	2	[{"changed": {"fields": ["Miktar"]}}]	13	1
91	2025-05-10 22:56:02.0478+03	17	KIZILELMA - SN: KIZILELMA-0006	2	[{"changed": {"fields": ["\\u0130lgili \\u0130\\u015f Emri (Montaj)"]}}]	15	1
92	2025-05-10 22:57:21.76578+03	4	İş Emri #4 - KIZILELMA (2 adet) - Tamamlandı	2	[{"changed": {"fields": ["Miktar"]}}]	13	1
93	2025-05-10 23:12:32.245626+03	10	İş Emri #10 - AKINCI (1 adet) - Beklemede	1	[{"added": {}}]	13	1
94	2025-05-10 23:35:14.327445+03	11	İş Emri #11 - AKINCI (1 adet) - Atandı	1	[{"added": {}}]	13	1
95	2025-05-11 12:01:43.353199+03	90	Kanat - SN: AKINCI-KNT-00005 (AKINCI için)	3		14	1
\.


--
-- Data for Name: django_content_type; Type: TABLE DATA; Schema: public; Owner: bayraktar
--

COPY public.django_content_type (id, app_label, model) FROM stdin;
1	admin	logentry
2	auth	permission
3	auth	group
4	auth	user
5	contenttypes	contenttype
6	sessions	session
7	authtoken	token
8	authtoken	tokenproxy
9	aircraft_production_app	aircraftmodel
10	aircraft_production_app	team
11	aircraft_production_app	personnel
12	aircraft_production_app	parttype
13	aircraft_production_app	workorder
14	aircraft_production_app	part
15	aircraft_production_app	aircraft
\.


--
-- Data for Name: django_migrations; Type: TABLE DATA; Schema: public; Owner: bayraktar
--

COPY public.django_migrations (id, app, name, applied) FROM stdin;
1	contenttypes	0001_initial	2025-05-09 20:13:19.966464+03
2	auth	0001_initial	2025-05-09 20:13:20.00671+03
3	admin	0001_initial	2025-05-09 20:13:20.0236+03
4	admin	0002_logentry_remove_auto_add	2025-05-09 20:13:20.027599+03
5	admin	0003_logentry_add_action_flag_choices	2025-05-09 20:13:20.03268+03
6	contenttypes	0002_remove_content_type_name	2025-05-09 20:13:20.04268+03
7	auth	0002_alter_permission_name_max_length	2025-05-09 20:13:20.046678+03
8	auth	0003_alter_user_email_max_length	2025-05-09 20:13:20.048943+03
9	auth	0004_alter_user_username_opts	2025-05-09 20:13:20.055745+03
10	auth	0005_alter_user_last_login_null	2025-05-09 20:13:20.059778+03
11	auth	0006_require_contenttypes_0002	2025-05-09 20:13:20.059778+03
12	auth	0007_alter_validators_add_error_messages	2025-05-09 20:13:20.06575+03
13	auth	0008_alter_user_username_max_length	2025-05-09 20:13:20.074289+03
14	auth	0009_alter_user_last_name_max_length	2025-05-09 20:13:20.076317+03
15	auth	0010_alter_group_name_max_length	2025-05-09 20:13:20.082308+03
16	auth	0011_update_proxy_permissions	2025-05-09 20:13:20.088245+03
17	auth	0012_alter_user_first_name_max_length	2025-05-09 20:13:20.090211+03
18	aircraft_production_app	0001_initial	2025-05-09 20:13:20.151599+03
19	aircraft_production_app	0002_teamtype_can_perform_assembly_and_more	2025-05-09 20:13:20.202683+03
20	aircraft_production_app	0003_alter_parttype_producible_by_team_type	2025-05-09 20:13:20.217973+03
21	aircraft_production_app	0004_alter_aircraft_assembled_by_team_and_more	2025-05-09 20:13:20.276412+03
22	aircraft_production_app	0005_alter_aircraft_serial_number_and_more	2025-05-09 20:13:20.289368+03
23	aircraft_production_app	0006_remove_part_work_order_and_more	2025-05-09 20:13:20.319768+03
24	aircraft_production_app	0007_alter_parttype_producible_by_team_type_and_more	2025-05-09 20:13:20.371088+03
25	aircraft_production_app	0008_alter_parttype_options_and_more	2025-05-09 20:13:20.399964+03
26	authtoken	0001_initial	2025-05-09 20:13:20.410266+03
27	authtoken	0002_auto_20160226_1747	2025-05-09 20:13:20.434514+03
28	authtoken	0003_tokenproxy	2025-05-09 20:13:20.435512+03
29	authtoken	0004_alter_tokenproxy_options	2025-05-09 20:13:20.438538+03
30	sessions	0001_initial	2025-05-09 20:13:20.438538+03
31	aircraft_production_app	0002_populate_fixed_types	2025-05-09 20:45:10.956908+03
32	aircraft_production_app	0003_alter_aircraft_options_alter_workorder_status	2025-05-09 21:08:09.228754+03
33	aircraft_production_app	0004_aircraft_status_alter_aircraft_avionics_and_more	2025-05-09 21:37:54.896469+03
34	aircraft_production_app	0005_aircraft_assembled_by_personnel_aircraft_updated_at_and_more	2025-05-10 05:05:58.940095+03
\.


--
-- Data for Name: django_session; Type: TABLE DATA; Schema: public; Owner: bayraktar
--

COPY public.django_session (session_key, session_data, expire_date) FROM stdin;
f4dz3kwjmbc47wsop1cjfp68zrqqqaep	.eJxVjEsOwjAMBe-SNYrqlrQ2S_Y9QxTHDimgROpnhbg7VOoCtm9m3sv4sK3Zb4vOfhJzMWBOvxuH-NCyA7mHcqs21rLOE9tdsQdd7FhFn9fD_TvIYcnf2oETQYbUNwP0MXFMIbY4ECEnFQVVaoFIOkJxANBQYNc5xMbhmdG8P_U6N78:1uDRIM:N-ayyWRosU4Jt88sZ1v7f5WRJGfPfDVqKolMUKA0Ox8	2025-05-23 20:13:58.353578+03
csgqa5qcztvphjl5pvzlbf5sf4sk14hd	.eJxVjEsOwjAMBe-SNYrqlrQ2S_Y9QxTHDimgROpnhbg7VOoCtm9m3sv4sK3Zb4vOfhJzMWBOvxuH-NCyA7mHcqs21rLOE9tdsQdd7FhFn9fD_TvIYcnf2oETQYbUNwP0MXFMIbY4ECEnFQVVaoFIOkJxANBQYNc5xMbhmdG8P_U6N78:1uE9Wc:N2emoAfWNY9jqgR6F7ojWxusDQotO2-bCcZ98WLvIp4	2025-05-25 19:27:38.052737+03
\.


--
-- Name: aircraft_production_app_aircraft_id_seq; Type: SEQUENCE SET; Schema: public; Owner: bayraktar
--

SELECT pg_catalog.setval('public.aircraft_production_app_aircraft_id_seq', 35, true);


--
-- Name: aircraft_production_app_aircraftmodel_id_seq; Type: SEQUENCE SET; Schema: public; Owner: bayraktar
--

SELECT pg_catalog.setval('public.aircraft_production_app_aircraftmodel_id_seq', 4, true);


--
-- Name: aircraft_production_app_part_id_seq; Type: SEQUENCE SET; Schema: public; Owner: bayraktar
--

SELECT pg_catalog.setval('public.aircraft_production_app_part_id_seq', 244, true);


--
-- Name: aircraft_production_app_parttype_id_seq; Type: SEQUENCE SET; Schema: public; Owner: bayraktar
--

SELECT pg_catalog.setval('public.aircraft_production_app_parttype_id_seq', 4, true);


--
-- Name: aircraft_production_app_team_id_seq; Type: SEQUENCE SET; Schema: public; Owner: bayraktar
--

SELECT pg_catalog.setval('public.aircraft_production_app_team_id_seq', 8, true);


--
-- Name: aircraft_production_app_workorder_id_seq; Type: SEQUENCE SET; Schema: public; Owner: bayraktar
--

SELECT pg_catalog.setval('public.aircraft_production_app_workorder_id_seq', 49, true);


--
-- Name: auth_group_id_seq; Type: SEQUENCE SET; Schema: public; Owner: bayraktar
--

SELECT pg_catalog.setval('public.auth_group_id_seq', 1, false);


--
-- Name: auth_group_permissions_id_seq; Type: SEQUENCE SET; Schema: public; Owner: bayraktar
--

SELECT pg_catalog.setval('public.auth_group_permissions_id_seq', 1, false);


--
-- Name: auth_permission_id_seq; Type: SEQUENCE SET; Schema: public; Owner: bayraktar
--

SELECT pg_catalog.setval('public.auth_permission_id_seq', 60, true);


--
-- Name: auth_user_groups_id_seq; Type: SEQUENCE SET; Schema: public; Owner: bayraktar
--

SELECT pg_catalog.setval('public.auth_user_groups_id_seq', 1, false);


--
-- Name: auth_user_id_seq; Type: SEQUENCE SET; Schema: public; Owner: bayraktar
--

SELECT pg_catalog.setval('public.auth_user_id_seq', 17, true);


--
-- Name: auth_user_user_permissions_id_seq; Type: SEQUENCE SET; Schema: public; Owner: bayraktar
--

SELECT pg_catalog.setval('public.auth_user_user_permissions_id_seq', 60, true);


--
-- Name: django_admin_log_id_seq; Type: SEQUENCE SET; Schema: public; Owner: bayraktar
--

SELECT pg_catalog.setval('public.django_admin_log_id_seq', 95, true);


--
-- Name: django_content_type_id_seq; Type: SEQUENCE SET; Schema: public; Owner: bayraktar
--

SELECT pg_catalog.setval('public.django_content_type_id_seq', 15, true);


--
-- Name: django_migrations_id_seq; Type: SEQUENCE SET; Schema: public; Owner: bayraktar
--

SELECT pg_catalog.setval('public.django_migrations_id_seq', 34, true);


--
-- Name: aircraft_production_app_aircraft aircraft_production_app_aircraft_avionics_id_key; Type: CONSTRAINT; Schema: public; Owner: bayraktar
--

ALTER TABLE ONLY public.aircraft_production_app_aircraft
    ADD CONSTRAINT aircraft_production_app_aircraft_avionics_id_key UNIQUE (avionics_id);


--
-- Name: aircraft_production_app_aircraft aircraft_production_app_aircraft_fuselage_id_key; Type: CONSTRAINT; Schema: public; Owner: bayraktar
--

ALTER TABLE ONLY public.aircraft_production_app_aircraft
    ADD CONSTRAINT aircraft_production_app_aircraft_fuselage_id_key UNIQUE (fuselage_id);


--
-- Name: aircraft_production_app_aircraft aircraft_production_app_aircraft_pkey; Type: CONSTRAINT; Schema: public; Owner: bayraktar
--

ALTER TABLE ONLY public.aircraft_production_app_aircraft
    ADD CONSTRAINT aircraft_production_app_aircraft_pkey PRIMARY KEY (id);


--
-- Name: aircraft_production_app_aircraft aircraft_production_app_aircraft_serial_number_key; Type: CONSTRAINT; Schema: public; Owner: bayraktar
--

ALTER TABLE ONLY public.aircraft_production_app_aircraft
    ADD CONSTRAINT aircraft_production_app_aircraft_serial_number_key UNIQUE (serial_number);


--
-- Name: aircraft_production_app_aircraft aircraft_production_app_aircraft_tail_id_key; Type: CONSTRAINT; Schema: public; Owner: bayraktar
--

ALTER TABLE ONLY public.aircraft_production_app_aircraft
    ADD CONSTRAINT aircraft_production_app_aircraft_tail_id_key UNIQUE (tail_id);


--
-- Name: aircraft_production_app_aircraft aircraft_production_app_aircraft_wing_id_key; Type: CONSTRAINT; Schema: public; Owner: bayraktar
--

ALTER TABLE ONLY public.aircraft_production_app_aircraft
    ADD CONSTRAINT aircraft_production_app_aircraft_wing_id_key UNIQUE (wing_id);


--
-- Name: aircraft_production_app_aircraftmodel aircraft_production_app_aircraftmodel_name_key; Type: CONSTRAINT; Schema: public; Owner: bayraktar
--

ALTER TABLE ONLY public.aircraft_production_app_aircraftmodel
    ADD CONSTRAINT aircraft_production_app_aircraftmodel_name_key UNIQUE (name);


--
-- Name: aircraft_production_app_aircraftmodel aircraft_production_app_aircraftmodel_pkey; Type: CONSTRAINT; Schema: public; Owner: bayraktar
--

ALTER TABLE ONLY public.aircraft_production_app_aircraftmodel
    ADD CONSTRAINT aircraft_production_app_aircraftmodel_pkey PRIMARY KEY (id);


--
-- Name: aircraft_production_app_part aircraft_production_app_part_pkey; Type: CONSTRAINT; Schema: public; Owner: bayraktar
--

ALTER TABLE ONLY public.aircraft_production_app_part
    ADD CONSTRAINT aircraft_production_app_part_pkey PRIMARY KEY (id);


--
-- Name: aircraft_production_app_part aircraft_production_app_part_serial_number_key; Type: CONSTRAINT; Schema: public; Owner: bayraktar
--

ALTER TABLE ONLY public.aircraft_production_app_part
    ADD CONSTRAINT aircraft_production_app_part_serial_number_key UNIQUE (serial_number);


--
-- Name: aircraft_production_app_parttype aircraft_production_app_parttype_category_key; Type: CONSTRAINT; Schema: public; Owner: bayraktar
--

ALTER TABLE ONLY public.aircraft_production_app_parttype
    ADD CONSTRAINT aircraft_production_app_parttype_category_key UNIQUE (category);


--
-- Name: aircraft_production_app_parttype aircraft_production_app_parttype_pkey; Type: CONSTRAINT; Schema: public; Owner: bayraktar
--

ALTER TABLE ONLY public.aircraft_production_app_parttype
    ADD CONSTRAINT aircraft_production_app_parttype_pkey PRIMARY KEY (id);


--
-- Name: aircraft_production_app_personnel aircraft_production_app_personnel_pkey; Type: CONSTRAINT; Schema: public; Owner: bayraktar
--

ALTER TABLE ONLY public.aircraft_production_app_personnel
    ADD CONSTRAINT aircraft_production_app_personnel_pkey PRIMARY KEY (user_id);


--
-- Name: aircraft_production_app_team aircraft_production_app_team_name_key; Type: CONSTRAINT; Schema: public; Owner: bayraktar
--

ALTER TABLE ONLY public.aircraft_production_app_team
    ADD CONSTRAINT aircraft_production_app_team_name_key UNIQUE (name);


--
-- Name: aircraft_production_app_team aircraft_production_app_team_pkey; Type: CONSTRAINT; Schema: public; Owner: bayraktar
--

ALTER TABLE ONLY public.aircraft_production_app_team
    ADD CONSTRAINT aircraft_production_app_team_pkey PRIMARY KEY (id);


--
-- Name: aircraft_production_app_workorder aircraft_production_app_workorder_pkey; Type: CONSTRAINT; Schema: public; Owner: bayraktar
--

ALTER TABLE ONLY public.aircraft_production_app_workorder
    ADD CONSTRAINT aircraft_production_app_workorder_pkey PRIMARY KEY (id);


--
-- Name: auth_group auth_group_name_key; Type: CONSTRAINT; Schema: public; Owner: bayraktar
--

ALTER TABLE ONLY public.auth_group
    ADD CONSTRAINT auth_group_name_key UNIQUE (name);


--
-- Name: auth_group_permissions auth_group_permissions_group_id_permission_id_0cd325b0_uniq; Type: CONSTRAINT; Schema: public; Owner: bayraktar
--

ALTER TABLE ONLY public.auth_group_permissions
    ADD CONSTRAINT auth_group_permissions_group_id_permission_id_0cd325b0_uniq UNIQUE (group_id, permission_id);


--
-- Name: auth_group_permissions auth_group_permissions_pkey; Type: CONSTRAINT; Schema: public; Owner: bayraktar
--

ALTER TABLE ONLY public.auth_group_permissions
    ADD CONSTRAINT auth_group_permissions_pkey PRIMARY KEY (id);


--
-- Name: auth_group auth_group_pkey; Type: CONSTRAINT; Schema: public; Owner: bayraktar
--

ALTER TABLE ONLY public.auth_group
    ADD CONSTRAINT auth_group_pkey PRIMARY KEY (id);


--
-- Name: auth_permission auth_permission_content_type_id_codename_01ab375a_uniq; Type: CONSTRAINT; Schema: public; Owner: bayraktar
--

ALTER TABLE ONLY public.auth_permission
    ADD CONSTRAINT auth_permission_content_type_id_codename_01ab375a_uniq UNIQUE (content_type_id, codename);


--
-- Name: auth_permission auth_permission_pkey; Type: CONSTRAINT; Schema: public; Owner: bayraktar
--

ALTER TABLE ONLY public.auth_permission
    ADD CONSTRAINT auth_permission_pkey PRIMARY KEY (id);


--
-- Name: auth_user_groups auth_user_groups_pkey; Type: CONSTRAINT; Schema: public; Owner: bayraktar
--

ALTER TABLE ONLY public.auth_user_groups
    ADD CONSTRAINT auth_user_groups_pkey PRIMARY KEY (id);


--
-- Name: auth_user_groups auth_user_groups_user_id_group_id_94350c0c_uniq; Type: CONSTRAINT; Schema: public; Owner: bayraktar
--

ALTER TABLE ONLY public.auth_user_groups
    ADD CONSTRAINT auth_user_groups_user_id_group_id_94350c0c_uniq UNIQUE (user_id, group_id);


--
-- Name: auth_user auth_user_pkey; Type: CONSTRAINT; Schema: public; Owner: bayraktar
--

ALTER TABLE ONLY public.auth_user
    ADD CONSTRAINT auth_user_pkey PRIMARY KEY (id);


--
-- Name: auth_user_user_permissions auth_user_user_permissions_pkey; Type: CONSTRAINT; Schema: public; Owner: bayraktar
--

ALTER TABLE ONLY public.auth_user_user_permissions
    ADD CONSTRAINT auth_user_user_permissions_pkey PRIMARY KEY (id);


--
-- Name: auth_user_user_permissions auth_user_user_permissions_user_id_permission_id_14a6b632_uniq; Type: CONSTRAINT; Schema: public; Owner: bayraktar
--

ALTER TABLE ONLY public.auth_user_user_permissions
    ADD CONSTRAINT auth_user_user_permissions_user_id_permission_id_14a6b632_uniq UNIQUE (user_id, permission_id);


--
-- Name: auth_user auth_user_username_key; Type: CONSTRAINT; Schema: public; Owner: bayraktar
--

ALTER TABLE ONLY public.auth_user
    ADD CONSTRAINT auth_user_username_key UNIQUE (username);


--
-- Name: authtoken_token authtoken_token_pkey; Type: CONSTRAINT; Schema: public; Owner: bayraktar
--

ALTER TABLE ONLY public.authtoken_token
    ADD CONSTRAINT authtoken_token_pkey PRIMARY KEY (key);


--
-- Name: authtoken_token authtoken_token_user_id_key; Type: CONSTRAINT; Schema: public; Owner: bayraktar
--

ALTER TABLE ONLY public.authtoken_token
    ADD CONSTRAINT authtoken_token_user_id_key UNIQUE (user_id);


--
-- Name: django_admin_log django_admin_log_pkey; Type: CONSTRAINT; Schema: public; Owner: bayraktar
--

ALTER TABLE ONLY public.django_admin_log
    ADD CONSTRAINT django_admin_log_pkey PRIMARY KEY (id);


--
-- Name: django_content_type django_content_type_app_label_model_76bd3d3b_uniq; Type: CONSTRAINT; Schema: public; Owner: bayraktar
--

ALTER TABLE ONLY public.django_content_type
    ADD CONSTRAINT django_content_type_app_label_model_76bd3d3b_uniq UNIQUE (app_label, model);


--
-- Name: django_content_type django_content_type_pkey; Type: CONSTRAINT; Schema: public; Owner: bayraktar
--

ALTER TABLE ONLY public.django_content_type
    ADD CONSTRAINT django_content_type_pkey PRIMARY KEY (id);


--
-- Name: django_migrations django_migrations_pkey; Type: CONSTRAINT; Schema: public; Owner: bayraktar
--

ALTER TABLE ONLY public.django_migrations
    ADD CONSTRAINT django_migrations_pkey PRIMARY KEY (id);


--
-- Name: django_session django_session_pkey; Type: CONSTRAINT; Schema: public; Owner: bayraktar
--

ALTER TABLE ONLY public.django_session
    ADD CONSTRAINT django_session_pkey PRIMARY KEY (session_key);


--
-- Name: aircraft_production_app_ai_assembled_by_personnel_id_9aac5832; Type: INDEX; Schema: public; Owner: bayraktar
--

CREATE INDEX aircraft_production_app_ai_assembled_by_personnel_id_9aac5832 ON public.aircraft_production_app_aircraft USING btree (assembled_by_personnel_id);


--
-- Name: aircraft_production_app_aircraft_aircraft_model_id_617e1d65; Type: INDEX; Schema: public; Owner: bayraktar
--

CREATE INDEX aircraft_production_app_aircraft_aircraft_model_id_617e1d65 ON public.aircraft_production_app_aircraft USING btree (aircraft_model_id);


--
-- Name: aircraft_production_app_aircraft_assembled_by_team_id_0f884d5b; Type: INDEX; Schema: public; Owner: bayraktar
--

CREATE INDEX aircraft_production_app_aircraft_assembled_by_team_id_0f884d5b ON public.aircraft_production_app_aircraft USING btree (assembled_by_team_id);


--
-- Name: aircraft_production_app_aircraft_serial_number_dcdeeddc_like; Type: INDEX; Schema: public; Owner: bayraktar
--

CREATE INDEX aircraft_production_app_aircraft_serial_number_dcdeeddc_like ON public.aircraft_production_app_aircraft USING btree (serial_number varchar_pattern_ops);


--
-- Name: aircraft_production_app_aircraft_work_order_id_9bd1e956; Type: INDEX; Schema: public; Owner: bayraktar
--

CREATE INDEX aircraft_production_app_aircraft_work_order_id_9bd1e956 ON public.aircraft_production_app_aircraft USING btree (work_order_id);


--
-- Name: aircraft_production_app_aircraftmodel_name_37f089a8_like; Type: INDEX; Schema: public; Owner: bayraktar
--

CREATE INDEX aircraft_production_app_aircraftmodel_name_37f089a8_like ON public.aircraft_production_app_aircraftmodel USING btree (name varchar_pattern_ops);


--
-- Name: aircraft_production_app_pa_aircraft_model_compatibili_0f9215d3; Type: INDEX; Schema: public; Owner: bayraktar
--

CREATE INDEX aircraft_production_app_pa_aircraft_model_compatibili_0f9215d3 ON public.aircraft_production_app_part USING btree (aircraft_model_compatibility_id);


--
-- Name: aircraft_production_app_part_created_by_personnel_id_db6fe651; Type: INDEX; Schema: public; Owner: bayraktar
--

CREATE INDEX aircraft_production_app_part_created_by_personnel_id_db6fe651 ON public.aircraft_production_app_part USING btree (created_by_personnel_id);


--
-- Name: aircraft_production_app_part_part_type_id_6cbb7c55; Type: INDEX; Schema: public; Owner: bayraktar
--

CREATE INDEX aircraft_production_app_part_part_type_id_6cbb7c55 ON public.aircraft_production_app_part USING btree (part_type_id);


--
-- Name: aircraft_production_app_part_produced_by_team_id_d260bf38; Type: INDEX; Schema: public; Owner: bayraktar
--

CREATE INDEX aircraft_production_app_part_produced_by_team_id_d260bf38 ON public.aircraft_production_app_part USING btree (produced_by_team_id);


--
-- Name: aircraft_production_app_part_serial_number_59d0aa23_like; Type: INDEX; Schema: public; Owner: bayraktar
--

CREATE INDEX aircraft_production_app_part_serial_number_59d0aa23_like ON public.aircraft_production_app_part USING btree (serial_number varchar_pattern_ops);


--
-- Name: aircraft_production_app_parttype_category_1da74315_like; Type: INDEX; Schema: public; Owner: bayraktar
--

CREATE INDEX aircraft_production_app_parttype_category_1da74315_like ON public.aircraft_production_app_parttype USING btree (category varchar_pattern_ops);


--
-- Name: aircraft_production_app_personnel_team_id_375ee786; Type: INDEX; Schema: public; Owner: bayraktar
--

CREATE INDEX aircraft_production_app_personnel_team_id_375ee786 ON public.aircraft_production_app_personnel USING btree (team_id);


--
-- Name: aircraft_production_app_team_name_5ace8f71_like; Type: INDEX; Schema: public; Owner: bayraktar
--

CREATE INDEX aircraft_production_app_team_name_5ace8f71_like ON public.aircraft_production_app_team USING btree (name varchar_pattern_ops);


--
-- Name: aircraft_production_app_wo_assigned_to_assembly_team__35c15a56; Type: INDEX; Schema: public; Owner: bayraktar
--

CREATE INDEX aircraft_production_app_wo_assigned_to_assembly_team__35c15a56 ON public.aircraft_production_app_workorder USING btree (assigned_to_assembly_team_id);


--
-- Name: aircraft_production_app_workorder_aircraft_model_id_48f4a54c; Type: INDEX; Schema: public; Owner: bayraktar
--

CREATE INDEX aircraft_production_app_workorder_aircraft_model_id_48f4a54c ON public.aircraft_production_app_workorder USING btree (aircraft_model_id);


--
-- Name: aircraft_production_app_workorder_created_by_id_20a8717a; Type: INDEX; Schema: public; Owner: bayraktar
--

CREATE INDEX aircraft_production_app_workorder_created_by_id_20a8717a ON public.aircraft_production_app_workorder USING btree (created_by_id);


--
-- Name: auth_group_name_a6ea08ec_like; Type: INDEX; Schema: public; Owner: bayraktar
--

CREATE INDEX auth_group_name_a6ea08ec_like ON public.auth_group USING btree (name varchar_pattern_ops);


--
-- Name: auth_group_permissions_group_id_b120cbf9; Type: INDEX; Schema: public; Owner: bayraktar
--

CREATE INDEX auth_group_permissions_group_id_b120cbf9 ON public.auth_group_permissions USING btree (group_id);


--
-- Name: auth_group_permissions_permission_id_84c5c92e; Type: INDEX; Schema: public; Owner: bayraktar
--

CREATE INDEX auth_group_permissions_permission_id_84c5c92e ON public.auth_group_permissions USING btree (permission_id);


--
-- Name: auth_permission_content_type_id_2f476e4b; Type: INDEX; Schema: public; Owner: bayraktar
--

CREATE INDEX auth_permission_content_type_id_2f476e4b ON public.auth_permission USING btree (content_type_id);


--
-- Name: auth_user_groups_group_id_97559544; Type: INDEX; Schema: public; Owner: bayraktar
--

CREATE INDEX auth_user_groups_group_id_97559544 ON public.auth_user_groups USING btree (group_id);


--
-- Name: auth_user_groups_user_id_6a12ed8b; Type: INDEX; Schema: public; Owner: bayraktar
--

CREATE INDEX auth_user_groups_user_id_6a12ed8b ON public.auth_user_groups USING btree (user_id);


--
-- Name: auth_user_user_permissions_permission_id_1fbb5f2c; Type: INDEX; Schema: public; Owner: bayraktar
--

CREATE INDEX auth_user_user_permissions_permission_id_1fbb5f2c ON public.auth_user_user_permissions USING btree (permission_id);


--
-- Name: auth_user_user_permissions_user_id_a95ead1b; Type: INDEX; Schema: public; Owner: bayraktar
--

CREATE INDEX auth_user_user_permissions_user_id_a95ead1b ON public.auth_user_user_permissions USING btree (user_id);


--
-- Name: auth_user_username_6821ab7c_like; Type: INDEX; Schema: public; Owner: bayraktar
--

CREATE INDEX auth_user_username_6821ab7c_like ON public.auth_user USING btree (username varchar_pattern_ops);


--
-- Name: authtoken_token_key_10f0b77e_like; Type: INDEX; Schema: public; Owner: bayraktar
--

CREATE INDEX authtoken_token_key_10f0b77e_like ON public.authtoken_token USING btree (key varchar_pattern_ops);


--
-- Name: django_admin_log_content_type_id_c4bce8eb; Type: INDEX; Schema: public; Owner: bayraktar
--

CREATE INDEX django_admin_log_content_type_id_c4bce8eb ON public.django_admin_log USING btree (content_type_id);


--
-- Name: django_admin_log_user_id_c564eba6; Type: INDEX; Schema: public; Owner: bayraktar
--

CREATE INDEX django_admin_log_user_id_c564eba6 ON public.django_admin_log USING btree (user_id);


--
-- Name: django_session_expire_date_a5c62663; Type: INDEX; Schema: public; Owner: bayraktar
--

CREATE INDEX django_session_expire_date_a5c62663 ON public.django_session USING btree (expire_date);


--
-- Name: django_session_session_key_c0390e0f_like; Type: INDEX; Schema: public; Owner: bayraktar
--

CREATE INDEX django_session_session_key_c0390e0f_like ON public.django_session USING btree (session_key varchar_pattern_ops);


--
-- Name: aircraft_production_app_part aircraft_production__aircraft_model_compa_0f9215d3_fk_aircraft_; Type: FK CONSTRAINT; Schema: public; Owner: bayraktar
--

ALTER TABLE ONLY public.aircraft_production_app_part
    ADD CONSTRAINT aircraft_production__aircraft_model_compa_0f9215d3_fk_aircraft_ FOREIGN KEY (aircraft_model_compatibility_id) REFERENCES public.aircraft_production_app_aircraftmodel(id) DEFERRABLE INITIALLY DEFERRED;


--
-- Name: aircraft_production_app_workorder aircraft_production__aircraft_model_id_48f4a54c_fk_aircraft_; Type: FK CONSTRAINT; Schema: public; Owner: bayraktar
--

ALTER TABLE ONLY public.aircraft_production_app_workorder
    ADD CONSTRAINT aircraft_production__aircraft_model_id_48f4a54c_fk_aircraft_ FOREIGN KEY (aircraft_model_id) REFERENCES public.aircraft_production_app_aircraftmodel(id) DEFERRABLE INITIALLY DEFERRED;


--
-- Name: aircraft_production_app_aircraft aircraft_production__aircraft_model_id_617e1d65_fk_aircraft_; Type: FK CONSTRAINT; Schema: public; Owner: bayraktar
--

ALTER TABLE ONLY public.aircraft_production_app_aircraft
    ADD CONSTRAINT aircraft_production__aircraft_model_id_617e1d65_fk_aircraft_ FOREIGN KEY (aircraft_model_id) REFERENCES public.aircraft_production_app_aircraftmodel(id) DEFERRABLE INITIALLY DEFERRED;


--
-- Name: aircraft_production_app_aircraft aircraft_production__assembled_by_personn_9aac5832_fk_aircraft_; Type: FK CONSTRAINT; Schema: public; Owner: bayraktar
--

ALTER TABLE ONLY public.aircraft_production_app_aircraft
    ADD CONSTRAINT aircraft_production__assembled_by_personn_9aac5832_fk_aircraft_ FOREIGN KEY (assembled_by_personnel_id) REFERENCES public.aircraft_production_app_personnel(user_id) DEFERRABLE INITIALLY DEFERRED;


--
-- Name: aircraft_production_app_aircraft aircraft_production__assembled_by_team_id_0f884d5b_fk_aircraft_; Type: FK CONSTRAINT; Schema: public; Owner: bayraktar
--

ALTER TABLE ONLY public.aircraft_production_app_aircraft
    ADD CONSTRAINT aircraft_production__assembled_by_team_id_0f884d5b_fk_aircraft_ FOREIGN KEY (assembled_by_team_id) REFERENCES public.aircraft_production_app_team(id) DEFERRABLE INITIALLY DEFERRED;


--
-- Name: aircraft_production_app_workorder aircraft_production__assigned_to_assembly_35c15a56_fk_aircraft_; Type: FK CONSTRAINT; Schema: public; Owner: bayraktar
--

ALTER TABLE ONLY public.aircraft_production_app_workorder
    ADD CONSTRAINT aircraft_production__assigned_to_assembly_35c15a56_fk_aircraft_ FOREIGN KEY (assigned_to_assembly_team_id) REFERENCES public.aircraft_production_app_team(id) DEFERRABLE INITIALLY DEFERRED;


--
-- Name: aircraft_production_app_aircraft aircraft_production__avionics_id_df17889c_fk_aircraft_; Type: FK CONSTRAINT; Schema: public; Owner: bayraktar
--

ALTER TABLE ONLY public.aircraft_production_app_aircraft
    ADD CONSTRAINT aircraft_production__avionics_id_df17889c_fk_aircraft_ FOREIGN KEY (avionics_id) REFERENCES public.aircraft_production_app_part(id) DEFERRABLE INITIALLY DEFERRED;


--
-- Name: aircraft_production_app_workorder aircraft_production__created_by_id_20a8717a_fk_auth_user; Type: FK CONSTRAINT; Schema: public; Owner: bayraktar
--

ALTER TABLE ONLY public.aircraft_production_app_workorder
    ADD CONSTRAINT aircraft_production__created_by_id_20a8717a_fk_auth_user FOREIGN KEY (created_by_id) REFERENCES public.auth_user(id) DEFERRABLE INITIALLY DEFERRED;


--
-- Name: aircraft_production_app_part aircraft_production__created_by_personnel_db6fe651_fk_aircraft_; Type: FK CONSTRAINT; Schema: public; Owner: bayraktar
--

ALTER TABLE ONLY public.aircraft_production_app_part
    ADD CONSTRAINT aircraft_production__created_by_personnel_db6fe651_fk_aircraft_ FOREIGN KEY (created_by_personnel_id) REFERENCES public.aircraft_production_app_personnel(user_id) DEFERRABLE INITIALLY DEFERRED;


--
-- Name: aircraft_production_app_aircraft aircraft_production__fuselage_id_6e947ec9_fk_aircraft_; Type: FK CONSTRAINT; Schema: public; Owner: bayraktar
--

ALTER TABLE ONLY public.aircraft_production_app_aircraft
    ADD CONSTRAINT aircraft_production__fuselage_id_6e947ec9_fk_aircraft_ FOREIGN KEY (fuselage_id) REFERENCES public.aircraft_production_app_part(id) DEFERRABLE INITIALLY DEFERRED;


--
-- Name: aircraft_production_app_part aircraft_production__part_type_id_6cbb7c55_fk_aircraft_; Type: FK CONSTRAINT; Schema: public; Owner: bayraktar
--

ALTER TABLE ONLY public.aircraft_production_app_part
    ADD CONSTRAINT aircraft_production__part_type_id_6cbb7c55_fk_aircraft_ FOREIGN KEY (part_type_id) REFERENCES public.aircraft_production_app_parttype(id) DEFERRABLE INITIALLY DEFERRED;


--
-- Name: aircraft_production_app_part aircraft_production__produced_by_team_id_d260bf38_fk_aircraft_; Type: FK CONSTRAINT; Schema: public; Owner: bayraktar
--

ALTER TABLE ONLY public.aircraft_production_app_part
    ADD CONSTRAINT aircraft_production__produced_by_team_id_d260bf38_fk_aircraft_ FOREIGN KEY (produced_by_team_id) REFERENCES public.aircraft_production_app_team(id) DEFERRABLE INITIALLY DEFERRED;


--
-- Name: aircraft_production_app_aircraft aircraft_production__tail_id_3e782cfd_fk_aircraft_; Type: FK CONSTRAINT; Schema: public; Owner: bayraktar
--

ALTER TABLE ONLY public.aircraft_production_app_aircraft
    ADD CONSTRAINT aircraft_production__tail_id_3e782cfd_fk_aircraft_ FOREIGN KEY (tail_id) REFERENCES public.aircraft_production_app_part(id) DEFERRABLE INITIALLY DEFERRED;


--
-- Name: aircraft_production_app_personnel aircraft_production__team_id_375ee786_fk_aircraft_; Type: FK CONSTRAINT; Schema: public; Owner: bayraktar
--

ALTER TABLE ONLY public.aircraft_production_app_personnel
    ADD CONSTRAINT aircraft_production__team_id_375ee786_fk_aircraft_ FOREIGN KEY (team_id) REFERENCES public.aircraft_production_app_team(id) DEFERRABLE INITIALLY DEFERRED;


--
-- Name: aircraft_production_app_personnel aircraft_production__user_id_f97ad893_fk_auth_user; Type: FK CONSTRAINT; Schema: public; Owner: bayraktar
--

ALTER TABLE ONLY public.aircraft_production_app_personnel
    ADD CONSTRAINT aircraft_production__user_id_f97ad893_fk_auth_user FOREIGN KEY (user_id) REFERENCES public.auth_user(id) DEFERRABLE INITIALLY DEFERRED;


--
-- Name: aircraft_production_app_aircraft aircraft_production__wing_id_26358d2b_fk_aircraft_; Type: FK CONSTRAINT; Schema: public; Owner: bayraktar
--

ALTER TABLE ONLY public.aircraft_production_app_aircraft
    ADD CONSTRAINT aircraft_production__wing_id_26358d2b_fk_aircraft_ FOREIGN KEY (wing_id) REFERENCES public.aircraft_production_app_part(id) DEFERRABLE INITIALLY DEFERRED;


--
-- Name: aircraft_production_app_aircraft aircraft_production__work_order_id_9bd1e956_fk_aircraft_; Type: FK CONSTRAINT; Schema: public; Owner: bayraktar
--

ALTER TABLE ONLY public.aircraft_production_app_aircraft
    ADD CONSTRAINT aircraft_production__work_order_id_9bd1e956_fk_aircraft_ FOREIGN KEY (work_order_id) REFERENCES public.aircraft_production_app_workorder(id) DEFERRABLE INITIALLY DEFERRED;


--
-- Name: auth_group_permissions auth_group_permissio_permission_id_84c5c92e_fk_auth_perm; Type: FK CONSTRAINT; Schema: public; Owner: bayraktar
--

ALTER TABLE ONLY public.auth_group_permissions
    ADD CONSTRAINT auth_group_permissio_permission_id_84c5c92e_fk_auth_perm FOREIGN KEY (permission_id) REFERENCES public.auth_permission(id) DEFERRABLE INITIALLY DEFERRED;


--
-- Name: auth_group_permissions auth_group_permissions_group_id_b120cbf9_fk_auth_group_id; Type: FK CONSTRAINT; Schema: public; Owner: bayraktar
--

ALTER TABLE ONLY public.auth_group_permissions
    ADD CONSTRAINT auth_group_permissions_group_id_b120cbf9_fk_auth_group_id FOREIGN KEY (group_id) REFERENCES public.auth_group(id) DEFERRABLE INITIALLY DEFERRED;


--
-- Name: auth_permission auth_permission_content_type_id_2f476e4b_fk_django_co; Type: FK CONSTRAINT; Schema: public; Owner: bayraktar
--

ALTER TABLE ONLY public.auth_permission
    ADD CONSTRAINT auth_permission_content_type_id_2f476e4b_fk_django_co FOREIGN KEY (content_type_id) REFERENCES public.django_content_type(id) DEFERRABLE INITIALLY DEFERRED;


--
-- Name: auth_user_groups auth_user_groups_group_id_97559544_fk_auth_group_id; Type: FK CONSTRAINT; Schema: public; Owner: bayraktar
--

ALTER TABLE ONLY public.auth_user_groups
    ADD CONSTRAINT auth_user_groups_group_id_97559544_fk_auth_group_id FOREIGN KEY (group_id) REFERENCES public.auth_group(id) DEFERRABLE INITIALLY DEFERRED;


--
-- Name: auth_user_groups auth_user_groups_user_id_6a12ed8b_fk_auth_user_id; Type: FK CONSTRAINT; Schema: public; Owner: bayraktar
--

ALTER TABLE ONLY public.auth_user_groups
    ADD CONSTRAINT auth_user_groups_user_id_6a12ed8b_fk_auth_user_id FOREIGN KEY (user_id) REFERENCES public.auth_user(id) DEFERRABLE INITIALLY DEFERRED;


--
-- Name: auth_user_user_permissions auth_user_user_permi_permission_id_1fbb5f2c_fk_auth_perm; Type: FK CONSTRAINT; Schema: public; Owner: bayraktar
--

ALTER TABLE ONLY public.auth_user_user_permissions
    ADD CONSTRAINT auth_user_user_permi_permission_id_1fbb5f2c_fk_auth_perm FOREIGN KEY (permission_id) REFERENCES public.auth_permission(id) DEFERRABLE INITIALLY DEFERRED;


--
-- Name: auth_user_user_permissions auth_user_user_permissions_user_id_a95ead1b_fk_auth_user_id; Type: FK CONSTRAINT; Schema: public; Owner: bayraktar
--

ALTER TABLE ONLY public.auth_user_user_permissions
    ADD CONSTRAINT auth_user_user_permissions_user_id_a95ead1b_fk_auth_user_id FOREIGN KEY (user_id) REFERENCES public.auth_user(id) DEFERRABLE INITIALLY DEFERRED;


--
-- Name: authtoken_token authtoken_token_user_id_35299eff_fk_auth_user_id; Type: FK CONSTRAINT; Schema: public; Owner: bayraktar
--

ALTER TABLE ONLY public.authtoken_token
    ADD CONSTRAINT authtoken_token_user_id_35299eff_fk_auth_user_id FOREIGN KEY (user_id) REFERENCES public.auth_user(id) DEFERRABLE INITIALLY DEFERRED;


--
-- Name: django_admin_log django_admin_log_content_type_id_c4bce8eb_fk_django_co; Type: FK CONSTRAINT; Schema: public; Owner: bayraktar
--

ALTER TABLE ONLY public.django_admin_log
    ADD CONSTRAINT django_admin_log_content_type_id_c4bce8eb_fk_django_co FOREIGN KEY (content_type_id) REFERENCES public.django_content_type(id) DEFERRABLE INITIALLY DEFERRED;


--
-- Name: django_admin_log django_admin_log_user_id_c564eba6_fk_auth_user_id; Type: FK CONSTRAINT; Schema: public; Owner: bayraktar
--

ALTER TABLE ONLY public.django_admin_log
    ADD CONSTRAINT django_admin_log_user_id_c564eba6_fk_auth_user_id FOREIGN KEY (user_id) REFERENCES public.auth_user(id) DEFERRABLE INITIALLY DEFERRED;


--
-- PostgreSQL database dump complete
--

